benchmark_id,phase,domain,market_ticker,series_ticker,event_ticker,title,resolution,status,open_time,close_time,close_date,settlement_ts,volume,source_csv
economics_phase_i_001,phase_i,Economics,FED-24JUN-T5.25,KXFED,FED-24JUN,Will the upper bound of the federal funds rate be above 5.25% following the Fed's June meeting?,yes,finalized,2023-07-06T14:00:00Z,2024-06-12T17:55:00Z,2024-06-12,2024-06-13T08:06:00.644397Z,1349824,Research/EconomicsMarkets/markets.csv
economics_phase_i_002,phase_i,Economics,FED-24MAY-T5.25,KXFED,FED-24MAY,Will the upper bound of the federal funds rate be above 5.25% following the Fed's May meeting?,yes,finalized,2023-07-06T14:00:00Z,2024-05-01T17:55:00Z,2024-05-01,2024-05-02T08:07:00.611969Z,705302,Research/EconomicsMarkets/markets.csv
economics_phase_i_003,phase_i,Economics,FED-24MAR-T5.25,KXFED,FED-24MAR,Will the upper bound of the federal funds rate be above 5.25% following the Fed's March meeting?,yes,finalized,2023-07-06T14:00:00Z,2024-03-20T17:55:00Z,2024-03-20,2024-03-21T08:07:00.239063Z,667089,Research/EconomicsMarkets/markets.csv
economics_phase_i_004,phase_i,Economics,FEDDECISION-24JUN-H0,KXFEDDECISION,FEDDECISION-24JUN,Will the Federal Reserve Hike rates by 0bps at their June 2024 meeting?,yes,finalized,2024-05-01T14:00:00Z,2024-06-12T17:55:00Z,2024-06-12,2024-06-12T20:11:01.276236Z,458584,Research/EconomicsMarkets/markets.csv
economics_phase_i_005,phase_i,Economics,FEDDECISION-24JUN-C25,KXFEDDECISION,FEDDECISION-24JUN,Will the Federal Reserve Cut rates by 25bps at their June 2024 meeting?,no,finalized,2024-05-01T14:00:00Z,2024-06-12T17:55:00Z,2024-06-12,2024-06-12T20:11:01.276236Z,407221,Research/EconomicsMarkets/markets.csv
economics_phase_i_006,phase_i,Economics,FED-24MAR-T5.00,KXFED,FED-24MAR,Will the upper bound of the federal funds rate be above 5.00% following the Fed's March meeting?,yes,finalized,2023-07-06T14:00:00Z,2024-03-20T17:55:00Z,2024-03-20,2024-03-21T08:07:00.263935Z,399013,Research/EconomicsMarkets/markets.csv
economics_phase_i_007,phase_i,Economics,FED-24MAR-T4.75,KXFED,FED-24MAR,Will the upper bound of the federal funds rate be above 4.75% following the Fed's March meeting?,yes,finalized,2023-07-06T14:00:00Z,2024-03-20T17:55:00Z,2024-03-20,2024-03-21T08:07:00.724043Z,357892,Research/EconomicsMarkets/markets.csv
economics_phase_i_008,phase_i,Economics,FEDDECISION-24MAY-H0,KXFEDDECISION,FEDDECISION-24MAY,Will the Federal Reserve Hike rates by 0bps at their May 2024 meeting?,yes,finalized,2024-03-20T18:05:00Z,2024-05-01T17:55:00Z,2024-05-01,2024-05-01T20:11:00.937079Z,333580,Research/EconomicsMarkets/markets.csv
economics_phase_i_009,phase_i,Economics,FED-24JUN-T5.50,KXFED,FED-24JUN,Will the upper bound of the federal funds rate be above 5.50% following the Fed's June meeting?,no,finalized,2023-07-06T14:00:00Z,2024-06-12T17:55:00Z,2024-06-12,2024-06-13T08:06:00.699597Z,269938,Research/EconomicsMarkets/markets.csv
economics_phase_i_010,phase_i,Economics,FEDDECISION-24MAR20-H0,KXFEDDECISION,FEDDECISION-24MAR20,Will the Federal Reserve Hike rates by 0bps at their March 2024 meeting?,yes,finalized,2024-01-31T19:05:00Z,2024-03-20T17:55:00Z,2024-03-20,2024-03-20T20:08:00.408598Z,255738,Research/EconomicsMarkets/markets.csv
economics_phase_i_011,phase_i,Economics,FEDDECISION-24MAY-C25,KXFEDDECISION,FEDDECISION-24MAY,Will the Federal Reserve Cut rates by 25bps at their May 2024 meeting?,no,finalized,2024-03-20T18:05:00Z,2024-05-01T17:55:00Z,2024-05-01,2024-05-01T20:11:00.937079Z,248882,Research/EconomicsMarkets/markets.csv
economics_phase_i_012,phase_i,Economics,FEDDECISION-24MAR20-C25,KXFEDDECISION,FEDDECISION-24MAR20,Will the Federal Reserve Cut rates by 25bps at their March 2024 meeting?,no,finalized,2024-01-31T19:05:00Z,2024-03-20T17:55:00Z,2024-03-20,2024-03-20T20:08:00.408598Z,133511,Research/EconomicsMarkets/markets.csv
economics_phase_i_013,phase_i,Economics,FED-24MAY-T4.25,KXFED,FED-24MAY,Will the upper bound of the federal funds rate be above 4.25% following the Fed's May meeting?,yes,finalized,2023-07-06T14:00:00Z,2024-05-01T17:55:00Z,2024-05-01,2024-05-02T08:06:00.231823Z,132250,Research/EconomicsMarkets/markets.csv
economics_phase_i_014,phase_i,Economics,FED-24MAY-T4.75,KXFED,FED-24MAY,Will the upper bound of the federal funds rate be above 4.75% following the Fed's May meeting?,yes,finalized,2023-07-06T14:00:00Z,2024-05-01T17:55:00Z,2024-05-01,2024-05-02T08:07:00.661979Z,114276,Research/EconomicsMarkets/markets.csv
economics_phase_i_015,phase_i,Economics,FED-24JUN-T4.50,KXFED,FED-24JUN,Will the upper bound of the federal funds rate be above 4.50% following the Fed's June meeting?,yes,finalized,2023-07-06T14:00:00Z,2024-06-12T17:55:00Z,2024-06-12,2024-06-13T08:06:00.685245Z,93274,Research/EconomicsMarkets/markets.csv
economics_phase_i_016,phase_i,Economics,FED-24MAY-T5.00,KXFED,FED-24MAY,Will the upper bound of the federal funds rate be above 5.00% following the Fed's May meeting?,yes,finalized,2023-07-06T14:00:00Z,2024-05-01T17:55:00Z,2024-05-01,2024-05-02T08:07:00.581421Z,81131,Research/EconomicsMarkets/markets.csv
economics_phase_i_017,phase_i,Economics,FED-24MAR-T5.50,KXFED,FED-24MAR,Will the upper bound of the federal funds rate be above 5.50% following the Fed's March meeting?,no,finalized,2023-07-06T14:00:00Z,2024-03-20T17:55:00Z,2024-03-20,2024-03-21T08:07:00.198789Z,78931,Research/EconomicsMarkets/markets.csv
economics_phase_i_018,phase_i,Economics,CPI-24APR-T0.3,KXCPI,CPI-24APR,Will CPI rise more than 0.3% in April 2024?,no,finalized,2024-03-13T14:00:00Z,2024-05-15T12:25:00Z,2024-05-15,2024-05-15T16:10:01.014363Z,74521,Research/EconomicsMarkets/markets.csv
economics_phase_i_019,phase_i,Economics,CPI-24MAY-T0.1,KXCPI,CPI-24MAY,Will CPI rise more than 0.1% in May 2024?,no,finalized,2024-04-11T14:00:00Z,2024-06-12T12:25:00Z,2024-06-12,2024-06-12T16:12:01.285774Z,71831,Research/EconomicsMarkets/markets.csv
economics_phase_i_020,phase_i,Economics,FED-24JUN-T4.75,KXFED,FED-24JUN,Will the upper bound of the federal funds rate be above 4.75% following the Fed's June meeting?,yes,finalized,2023-07-06T14:00:00Z,2024-06-12T17:55:00Z,2024-06-12,2024-06-13T08:06:00.620316Z,68586,Research/EconomicsMarkets/markets.csv
economics_phase_i_021,phase_i,Economics,FED-24JUN-T5.00,KXFED,FED-24JUN,Will the upper bound of the federal funds rate be above 5.00% following the Fed's June meeting?,yes,finalized,2023-07-06T14:00:00Z,2024-06-12T17:55:00Z,2024-06-12,2024-06-13T08:06:00.640174Z,67497,Research/EconomicsMarkets/markets.csv
economics_phase_i_022,phase_i,Economics,CPIYOY-24APR-T3.4,KXCPIYOY,CPIYOY-24APR,Will the rate of CPI inflation be above 3.4% for the year ending in April 2024?,no,finalized,2024-03-13T14:00:00Z,2024-05-15T12:25:00Z,2024-05-15,2024-05-15T16:11:01.220169Z,64392,Research/EconomicsMarkets/markets.csv
economics_phase_i_023,phase_i,Economics,FED-24MAY-T5.50,KXFED,FED-24MAY,Will the upper bound of the federal funds rate be above 5.50% following the Fed's May meeting?,no,finalized,2023-07-06T14:00:00Z,2024-05-01T17:55:00Z,2024-05-01,2024-05-02T08:07:00.626211Z,62082,Research/EconomicsMarkets/markets.csv
economics_phase_i_024,phase_i,Economics,FED-24JUN-T4.00,KXFED,FED-24JUN,Will the upper bound of the federal funds rate be above 4.00% following the Fed's June meeting?,yes,finalized,2023-07-06T14:00:00Z,2024-06-12T17:55:00Z,2024-06-12,2024-06-13T08:06:00.659822Z,49404,Research/EconomicsMarkets/markets.csv
economics_phase_i_025,phase_i,Economics,FED-24MAR-T4.50,KXFED,FED-24MAR,Will the upper bound of the federal funds rate be above 4.50% following the Fed's March meeting?,yes,finalized,2023-07-06T14:00:00Z,2024-03-20T17:55:00Z,2024-03-20,2024-03-21T08:07:00.773854Z,45898,Research/EconomicsMarkets/markets.csv
economics_phase_i_026,phase_i,Economics,PAYROLLS-24MAY-T200000,KXPAYROLLS,PAYROLLS-24MAY,Will above 200000 jobs be added in May 2024?,yes,finalized,2024-04-19T14:00:00Z,2024-06-07T12:25:00Z,2024-06-07,2024-06-07T16:07:01.062408Z,44953,Research/EconomicsMarkets/markets.csv
economics_phase_i_027,phase_i,Economics,CPI-24MAY-T0.2,KXCPI,CPI-24MAY,Will CPI rise more than 0.2% in May 2024?,no,finalized,2024-04-11T14:00:00Z,2024-06-12T12:25:00Z,2024-06-12,2024-06-12T16:15:01.035576Z,44949,Research/EconomicsMarkets/markets.csv
economics_phase_i_028,phase_i,Economics,CPI-24MAR-T0.2,KXCPI,CPI-24MAR,Will CPI rise more than 0.2% in March 2024?,yes,finalized,2024-02-13T13:00:00Z,2024-04-10T12:25:00Z,2024-04-10,2024-04-10T16:13:00.551146Z,42331,Research/EconomicsMarkets/markets.csv
economics_phase_i_029,phase_i,Economics,CPI-24MAY-T0.0,KXCPI,CPI-24MAY,Will CPI rise more than 0.0% in May 2024?,no,finalized,2024-04-11T14:00:00Z,2024-06-12T12:25:00Z,2024-06-12,2024-06-12T16:15:01.015028Z,42321,Research/EconomicsMarkets/markets.csv
economics_phase_i_030,phase_i,Economics,PAYROLLS-24MAY-T175000,KXPAYROLLS,PAYROLLS-24MAY,Will above 175000 jobs be added in May 2024?,yes,finalized,2024-05-03T12:31:00Z,2024-06-07T12:25:00Z,2024-06-07,2024-06-07T16:07:01.102647Z,39838,Research/EconomicsMarkets/markets.csv
economics_phase_i_031,phase_i,Economics,CPIYOY-24APR-T3.5,KXCPIYOY,CPIYOY-24APR,Will the rate of CPI inflation be above 3.5% for the year ending in April 2024?,no,finalized,2024-03-13T14:00:00Z,2024-05-15T12:25:00Z,2024-05-15,2024-05-15T16:10:01.039707Z,37848,Research/EconomicsMarkets/markets.csv
economics_phase_i_032,phase_i,Economics,PAYROLLS-24FEB-T399999,KXPAYROLLS,PAYROLLS-24FEB,Will above 399999 jobs be added in February 2024?,no,finalized,2024-02-03T02:00:00Z,2024-03-08T13:25:00Z,2024-03-08,2024-03-08T17:29:00.458346Z,37677,Research/EconomicsMarkets/markets.csv
economics_phase_i_033,phase_i,Economics,PROLLS-24JAN-T299999,KXPAYROLLS,PROLLS-24JAN,Will above 299999 jobs be added in January 2024?,yes,finalized,2024-01-02T17:55:00Z,2024-02-02T13:25:00Z,2024-02-02,2024-02-02T17:45:00.40054Z,35540,Research/EconomicsMarkets/markets.csv
economics_phase_i_034,phase_i,Economics,FED-24MAR-T5.75,KXFED,FED-24MAR,Will the upper bound of the federal funds rate be above 5.75% following the Fed's March meeting?,no,finalized,2023-07-06T14:00:00Z,2024-03-20T17:55:00Z,2024-03-20,2024-03-21T08:07:00.213741Z,30880,Research/EconomicsMarkets/markets.csv
economics_phase_i_035,phase_i,Economics,FEDDECISION-24MAR20-C26,KXFEDDECISION,FEDDECISION-24MAR20,Will the Federal Reserve Cut rates by >25bps at their March 2024 meeting?,no,finalized,2024-01-31T19:05:00Z,2024-03-20T17:55:00Z,2024-03-20,2024-03-20T20:08:00.408598Z,30855,Research/EconomicsMarkets/markets.csv
economics_phase_i_036,phase_i,Economics,FED-24MAY-T4.50,KXFED,FED-24MAY,Will the upper bound of the federal funds rate be above 4.50% following the Fed's May meeting?,yes,finalized,2023-07-06T14:00:00Z,2024-05-01T17:55:00Z,2024-05-01,2024-05-02T08:06:00.211819Z,29644,Research/EconomicsMarkets/markets.csv
economics_phase_i_037,phase_i,Economics,PAYROLLS-24FEB-T352999,KXPAYROLLS,PAYROLLS-24FEB,Will above 352999 jobs be added in February 2024?,no,finalized,2024-02-02T13:35:00Z,2024-03-08T13:25:00Z,2024-03-08,2024-03-08T17:20:00.538467Z,28281,Research/EconomicsMarkets/markets.csv
economics_phase_i_038,phase_i,Economics,PAYROLLS-24MAR-T200000,KXPAYROLLS,PAYROLLS-24MAR,Will above 200000 jobs be added in March 2024?,yes,finalized,2024-02-23T15:00:00Z,2024-04-05T12:25:00Z,2024-04-05,2024-04-05T16:20:00.395037Z,28184,Research/EconomicsMarkets/markets.csv
economics_phase_i_039,phase_i,Economics,AAAGASM-24JUN30-US-3.50,KXAAAGASM,AAAGASM-24JUN30-US,Will average **gas prices** be above $3.50?,no,finalized,2024-05-31T14:00:00Z,2024-06-30T03:59:00Z,2024-06-30,2024-07-01T16:19:00.613213Z,26090,Research/EconomicsMarkets/markets.csv
economics_phase_i_040,phase_i,Economics,PAYROLLS-24APR-T100000,KXPAYROLLS,PAYROLLS-24APR,Will above 100000 jobs be added in April 2024?,yes,finalized,2024-03-22T14:00:00Z,2024-05-03T12:25:00Z,2024-05-03,2024-05-03T16:59:01.10489Z,23403,Research/EconomicsMarkets/markets.csv
economics_phase_i_041,phase_i,Economics,CPI-24APR-T0.4,KXCPI,CPI-24APR,Will CPI rise more than 0.4% in April 2024?,no,finalized,2024-03-13T14:00:00Z,2024-05-15T12:25:00Z,2024-05-15,2024-05-15T16:10:00.959297Z,23263,Research/EconomicsMarkets/markets.csv
economics_phase_i_042,phase_i,Economics,FED-24JUN-T4.25,KXFED,FED-24JUN,Will the upper bound of the federal funds rate be above 4.25% following the Fed's June meeting?,yes,finalized,2023-07-06T14:00:00Z,2024-06-12T17:55:00Z,2024-06-12,2024-06-13T08:06:00.670128Z,23209,Research/EconomicsMarkets/markets.csv
economics_phase_i_043,phase_i,Economics,FEDDECISION-24JUN-H25,KXFEDDECISION,FEDDECISION-24JUN,Will the Federal Reserve Hike rates by 25bps at their June 2024 meeting?,no,finalized,2024-05-01T14:00:00Z,2024-06-12T17:55:00Z,2024-06-12,2024-06-12T20:11:01.276236Z,22016,Research/EconomicsMarkets/markets.csv
economics_phase_i_044,phase_i,Economics,CPI-24MAR-T0.3,KXCPI,CPI-24MAR,Will CPI rise more than 0.3% in March 2024?,yes,finalized,2024-02-13T13:00:00Z,2024-04-10T12:25:00Z,2024-04-10,2024-04-10T16:13:00.563643Z,21776,Research/EconomicsMarkets/markets.csv
economics_phase_i_045,phase_i,Economics,CPI-24JAN-T0.2,KXCPI,CPI-24JAN,Will CPI rise more than 0.2% in January 2024?,yes,finalized,2024-01-02T16:00:00Z,2024-02-13T13:25:00Z,2024-02-13,2024-02-13T16:40:00.41373Z,21043,Research/EconomicsMarkets/markets.csv
economics_phase_i_046,phase_i,Economics,FEDDECISION-24MAY-H25,KXFEDDECISION,FEDDECISION-24MAY,Will the Federal Reserve Hike rates by 25bps at their May 2024 meeting?,no,finalized,2024-03-20T18:05:00Z,2024-05-01T17:55:00Z,2024-05-01,2024-05-01T20:11:00.937079Z,20983,Research/EconomicsMarkets/markets.csv
economics_phase_i_047,phase_i,Economics,CPIYOY-24MAR-T3.3,KXCPIYOY,CPIYOY-24MAR,Will the rate of CPI inflation be above 3.3% for the year ending in March 2024?,yes,finalized,2024-02-13T13:00:00Z,2024-04-10T12:25:00Z,2024-04-10,2024-04-10T16:13:01.151012Z,20765,Research/EconomicsMarkets/markets.csv
economics_phase_i_048,phase_i,Economics,PAYROLLS-24APR-T150000,KXPAYROLLS,PAYROLLS-24APR,Will above 150000 jobs be added in April 2024?,yes,finalized,2024-03-22T14:00:00Z,2024-05-03T12:25:00Z,2024-05-03,2024-05-03T17:03:01.249737Z,20266,Research/EconomicsMarkets/markets.csv
economics_phase_i_049,phase_i,Economics,PAYROLLS-24APR-T225000,KXPAYROLLS,PAYROLLS-24APR,Will above 225000 jobs be added in April 2024?,no,finalized,2024-04-12T21:00:00Z,2024-05-03T12:25:00Z,2024-05-03,2024-05-03T17:03:01.294971Z,20181,Research/EconomicsMarkets/markets.csv
economics_phase_i_050,phase_i,Economics,CPI-24FEB-T0.4,KXCPI,CPI-24FEB,Will CPI rise more than 0.4% in February 2024?,no,finalized,2024-01-11T16:00:00Z,2024-03-12T12:25:00Z,2024-03-12,2024-03-12T16:31:00.618244Z,19791,Research/EconomicsMarkets/markets.csv
economics_phase_i_051,phase_i,Economics,FED-24MAY-T5.75,KXFED,FED-24MAY,Will the upper bound of the federal funds rate be above 5.75% following the Fed's May meeting?,no,finalized,2023-07-06T14:00:00Z,2024-05-01T17:55:00Z,2024-05-01,2024-05-02T08:07:00.646017Z,19757,Research/EconomicsMarkets/markets.csv
economics_phase_i_052,phase_i,Economics,AAAGASM-24JUN30-US-3.45,KXAAAGASM,AAAGASM-24JUN30-US,Will average **gas prices** be above $3.45?,yes,finalized,2024-05-31T14:00:00Z,2024-06-30T03:59:00Z,2024-06-30,2024-07-01T16:19:00.667854Z,19588,Research/EconomicsMarkets/markets.csv
economics_phase_i_053,phase_i,Economics,PAYROLLS-24MAY-T150000,KXPAYROLLS,PAYROLLS-24MAY,Will above 150000 jobs be added in May 2024?,yes,finalized,2024-04-19T14:00:00Z,2024-06-07T12:25:00Z,2024-06-07,2024-06-07T16:03:00.892556Z,19090,Research/EconomicsMarkets/markets.csv
economics_phase_i_054,phase_i,Economics,PAYROLLS-24FEB-T199999,KXPAYROLLS,PAYROLLS-24FEB,Will above 199999 jobs be added in February 2024?,yes,finalized,2024-02-02T13:00:00Z,2024-03-08T13:25:00Z,2024-03-08,2024-03-08T17:20:00.563157Z,18513,Research/EconomicsMarkets/markets.csv
economics_phase_i_055,phase_i,Economics,PAYROLLS-24FEB-T149999,KXPAYROLLS,PAYROLLS-24FEB,Will above 149999 jobs be added in February 2024?,yes,finalized,2024-02-02T13:00:00Z,2024-03-08T13:25:00Z,2024-03-08,2024-03-08T17:30:00.807915Z,17748,Research/EconomicsMarkets/markets.csv
economics_phase_i_056,phase_i,Economics,PAYROLLS-24APR-T250000,KXPAYROLLS,PAYROLLS-24APR,Will above 250000 jobs be added in April 2024?,no,finalized,2024-03-22T14:00:00Z,2024-05-03T12:25:00Z,2024-05-03,2024-05-03T16:59:01.124616Z,17662,Research/EconomicsMarkets/markets.csv
economics_phase_i_057,phase_i,Economics,PAYROLLS-24MAR-T275000,KXPAYROLLS,PAYROLLS-24MAR,Will above 275000 jobs be added in March 2024?,yes,finalized,2024-03-08T13:32:00Z,2024-04-05T12:25:00Z,2024-04-05,2024-04-05T16:41:01.584863Z,16857,Research/EconomicsMarkets/markets.csv
economics_phase_i_058,phase_i,Economics,CPIYOY-24MAR-T3.2,KXCPIYOY,CPIYOY-24MAR,Will the rate of CPI inflation be above 3.2% for the year ending in March 2024?,yes,finalized,2024-02-13T13:00:00Z,2024-04-10T12:25:00Z,2024-04-10,2024-04-10T16:13:01.115991Z,16839,Research/EconomicsMarkets/markets.csv
economics_phase_i_059,phase_i,Economics,PAYROLLS-24APR-T200000,KXPAYROLLS,PAYROLLS-24APR,Will above 200000 jobs be added in April 2024?,no,finalized,2024-03-22T14:00:00Z,2024-05-03T12:25:00Z,2024-05-03,2024-05-03T17:03:00.5341Z,16441,Research/EconomicsMarkets/markets.csv
economics_phase_i_060,phase_i,Economics,CPIYOY-24MAY-T3.2,KXCPIYOY,CPIYOY-24MAY,Will the rate of CPI inflation be above 3.2% for the year ending in May 2024?,yes,finalized,2024-04-11T14:00:00Z,2024-06-12T12:25:00Z,2024-06-12,2024-06-12T16:15:01.815071Z,15611,Research/EconomicsMarkets/markets.csv
economics_phase_i_061,phase_i,Economics,FEDDECISION-24MAR20-H25,KXFEDDECISION,FEDDECISION-24MAR20,Will the Federal Reserve Hike rates by 25bps at their March 2024 meeting?,no,finalized,2024-01-31T19:05:00Z,2024-03-20T17:55:00Z,2024-03-20,2024-03-20T20:08:00.408598Z,15481,Research/EconomicsMarkets/markets.csv
economics_phase_i_062,phase_i,Economics,PAYROLLS-24MAY-T100000,KXPAYROLLS,PAYROLLS-24MAY,Will above 100000 jobs be added in May 2024?,yes,finalized,2024-04-19T14:00:00Z,2024-06-07T12:25:00Z,2024-06-07,2024-06-07T16:03:00.877246Z,15455,Research/EconomicsMarkets/markets.csv
economics_phase_i_063,phase_i,Economics,AAAGASM-24JUN30-US-3.40,KXAAAGASM,AAAGASM-24JUN30-US,Will average **gas prices** be above $3.40?,yes,finalized,2024-06-05T13:30:00Z,2024-06-30T03:59:00Z,2024-06-30,2024-07-01T16:15:01.538412Z,15408,Research/EconomicsMarkets/markets.csv
economics_phase_i_064,phase_i,Economics,PAYROLLS-24FEB-T99999,KXPAYROLLS,PAYROLLS-24FEB,Will above 99999 jobs be added in February 2024?,yes,finalized,2024-02-02T13:00:00Z,2024-03-08T13:25:00Z,2024-03-08,2024-03-08T17:30:00.822772Z,15167,Research/EconomicsMarkets/markets.csv
economics_phase_i_065,phase_i,Economics,CPI-24MAY-T0.3,KXCPI,CPI-24MAY,Will CPI rise more than 0.3% in May 2024?,no,finalized,2024-04-11T14:00:00Z,2024-06-12T12:25:00Z,2024-06-12,2024-06-12T16:12:00.694941Z,14832,Research/EconomicsMarkets/markets.csv
economics_phase_i_066,phase_i,Economics,FEDDECISION-24MAY-C26,KXFEDDECISION,FEDDECISION-24MAY,Will the Federal Reserve Cut rates by >25bps at their May 2024 meeting?,no,finalized,2024-03-20T18:05:00Z,2024-05-01T17:55:00Z,2024-05-01,2024-05-01T20:11:00.937079Z,14712,Research/EconomicsMarkets/markets.csv
economics_phase_i_067,phase_i,Economics,PAYROLLS-24MAR-T300000,KXPAYROLLS,PAYROLLS-24MAR,Will above 300000 jobs be added in March 2024?,yes,finalized,2024-02-23T15:00:00Z,2024-04-05T12:25:00Z,2024-04-05,2024-04-05T16:41:01.554873Z,14181,Research/EconomicsMarkets/markets.csv
economics_phase_i_068,phase_i,Economics,PROLLS-24JAN-T215999,KXPAYROLLS,PROLLS-24JAN,Will above 215999 jobs be added in January 2024?,yes,finalized,2024-01-05T13:45:00Z,2024-02-02T13:25:00Z,2024-02-02,2024-02-02T17:44:00.741487Z,14108,Research/EconomicsMarkets/markets.csv
economics_phase_i_069,phase_i,Economics,PAYROLLS-24MAR-T175000,KXPAYROLLS,PAYROLLS-24MAR,Will above 175000 jobs be added in March 2024?,yes,finalized,2024-03-08T16:00:00Z,2024-04-05T12:25:00Z,2024-04-05,2024-04-05T16:42:00.724651Z,14069,Research/EconomicsMarkets/markets.csv
economics_phase_i_070,phase_i,Economics,CPI-24MAR-T0.1,KXCPI,CPI-24MAR,Will CPI rise more than 0.1% in March 2024?,yes,finalized,2024-02-13T13:00:00Z,2024-04-10T12:25:00Z,2024-04-10,2024-04-10T16:13:00.536222Z,14048,Research/EconomicsMarkets/markets.csv
economics_phase_i_071,phase_i,Economics,CPIYOY-24FEB-T3.1,KXCPIYOY,CPIYOY-24FEB,Will the rate of CPI inflation be above 3.1% for the year ending in February 2024?,yes,finalized,2024-01-11T16:00:00Z,2024-03-12T12:25:00Z,2024-03-12,2024-03-12T16:28:00.688243Z,13844,Research/EconomicsMarkets/markets.csv
economics_phase_i_072,phase_i,Economics,GDP-24APR25-T3.3,KXGDP,GDP-24APR25,Will **real GDP** increase by more than 3.3% in 1?,no,finalized,2024-01-25T13:40:00Z,2024-04-25T12:25:00Z,2024-04-25,2024-04-25T16:28:00.705524Z,12800,Research/EconomicsMarkets/markets.csv
economics_phase_i_073,phase_i,Economics,PAYROLLS-24APR-T303000,KXPAYROLLS,PAYROLLS-24APR,Will above 303000 jobs be added in April 2024?,no,finalized,2024-04-05T12:31:00Z,2024-05-03T12:25:00Z,2024-05-03,2024-05-03T16:59:01.139245Z,12275,Research/EconomicsMarkets/markets.csv
economics_phase_i_074,phase_i,Economics,CPI-24FEB-T0.3,KXCPI,CPI-24FEB,Will CPI rise more than 0.3% in February 2024?,yes,finalized,2024-01-11T16:00:00Z,2024-03-12T12:25:00Z,2024-03-12,2024-03-12T16:34:00.283092Z,11898,Research/EconomicsMarkets/markets.csv
economics_phase_i_075,phase_i,Economics,PAYROLLS-24FEB-T299999,KXPAYROLLS,PAYROLLS-24FEB,Will above 299999 jobs be added in February 2024?,no,finalized,2024-02-02T13:00:00Z,2024-03-08T13:25:00Z,2024-03-08,2024-03-08T17:20:00.548492Z,11626,Research/EconomicsMarkets/markets.csv
economics_phase_i_076,phase_i,Economics,CPI-24FEB-T0.5,KXCPI,CPI-24FEB,Will CPI rise more than 0.5% in February 2024?,no,finalized,2024-01-11T16:00:00Z,2024-03-12T12:25:00Z,2024-03-12,2024-03-12T16:31:00.608028Z,11601,Research/EconomicsMarkets/markets.csv
economics_phase_i_077,phase_i,Economics,CPIYOY-24MAR-T3.4,KXCPIYOY,CPIYOY-24MAR,Will the rate of CPI inflation be above 3.4% for the year ending in March 2024?,yes,finalized,2024-02-13T13:00:00Z,2024-04-10T12:25:00Z,2024-04-10,2024-04-10T16:13:01.172303Z,11579,Research/EconomicsMarkets/markets.csv
economics_phase_i_078,phase_i,Economics,CPIYOY-24MAY-T3.3,KXCPIYOY,CPIYOY-24MAY,Will the rate of CPI inflation be above 3.3% for the year ending in May 2024?,no,finalized,2024-04-11T14:00:00Z,2024-06-12T12:25:00Z,2024-06-12,2024-06-12T16:15:01.049904Z,11439,Research/EconomicsMarkets/markets.csv
economics_phase_i_079,phase_i,Economics,CPI-24APR-T0.5,KXCPI,CPI-24APR,Will CPI rise more than 0.5% in April 2024?,no,finalized,2024-03-13T14:00:00Z,2024-05-15T12:25:00Z,2024-05-15,2024-05-15T16:10:00.925061Z,11338,Research/EconomicsMarkets/markets.csv
economics_phase_i_080,phase_i,Economics,AAAGASM-24MAY31-US-3.55,KXAAAGASM,AAAGASM-24MAY31-US,Will average **gas prices** be above $3.55?,yes,finalized,2024-05-12T14:00:00Z,2024-05-31T03:59:00Z,2024-05-31,2024-05-31T16:11:01.428009Z,11285,Research/EconomicsMarkets/markets.csv
economics_phase_i_081,phase_i,Economics,CPIYOY-24MAY-T3.4,KXCPIYOY,CPIYOY-24MAY,Will the rate of CPI inflation be above 3.4% for the year ending in May 2024?,no,finalized,2024-04-11T14:00:00Z,2024-06-12T12:25:00Z,2024-06-12,2024-06-12T16:11:01.080645Z,10828,Research/EconomicsMarkets/markets.csv
economics_phase_i_082,phase_i,Economics,PAYROLLS-24MAR-T100000,KXPAYROLLS,PAYROLLS-24MAR,Will above 100000 jobs be added in March 2024?,yes,finalized,2024-02-23T15:00:00Z,2024-04-05T12:25:00Z,2024-04-05,2024-04-05T16:41:01.505268Z,10283,Research/EconomicsMarkets/markets.csv
economics_phase_i_083,phase_i,Economics,AAAGASM-24JUN30-US-3.55,KXAAAGASM,AAAGASM-24JUN30-US,Will average **gas prices** be above $3.55?,no,finalized,2024-05-31T14:00:00Z,2024-06-30T03:59:00Z,2024-06-30,2024-07-01T16:19:00.558643Z,10131,Research/EconomicsMarkets/markets.csv
economics_phase_i_084,phase_i,Economics,CPIYOY-24JAN-T3.0,KXCPIYOY,CPIYOY-24JAN,Will the rate of CPI inflation be above 3.0% for the year ending in January 2024?,yes,finalized,2024-01-11T19:20:00Z,2024-02-13T13:25:00Z,2024-02-13,2024-02-13T17:05:00.718675Z,10026,Research/EconomicsMarkets/markets.csv
economics_phase_i_085,phase_i,Economics,PAYROLLS-24MAR-T225000,KXPAYROLLS,PAYROLLS-24MAR,Will above 225000 jobs be added in March 2024?,yes,finalized,2024-03-08T16:00:00Z,2024-04-05T12:25:00Z,2024-04-05,2024-04-05T16:42:00.740005Z,9813,Research/EconomicsMarkets/markets.csv
economics_phase_i_086,phase_i,Economics,PAYROLLS-24MAR-T250000,KXPAYROLLS,PAYROLLS-24MAR,Will above 250000 jobs be added in March 2024?,yes,finalized,2024-03-08T16:00:00Z,2024-04-05T12:25:00Z,2024-04-05,2024-04-05T16:42:00.769898Z,9522,Research/EconomicsMarkets/markets.csv
economics_phase_i_087,phase_i,Economics,CPI-24MAR-T0.4,KXCPI,CPI-24MAR,Will CPI rise more than 0.4% in March 2024?,no,finalized,2024-02-13T13:00:00Z,2024-04-10T12:25:00Z,2024-04-10,2024-04-10T16:06:00.646911Z,9355,Research/EconomicsMarkets/markets.csv
economics_phase_i_088,phase_i,Economics,PAYROLLS-24APR-T300000,KXPAYROLLS,PAYROLLS-24APR,Will above 300000 jobs be added in April 2024?,no,finalized,2024-03-22T14:00:00Z,2024-05-03T12:25:00Z,2024-05-03,2024-05-03T17:03:00.545819Z,9195,Research/EconomicsMarkets/markets.csv
economics_phase_i_089,phase_i,Economics,CPI-24APR-T0.2,KXCPI,CPI-24APR,Will CPI rise more than 0.2% in April 2024?,yes,finalized,2024-03-13T14:00:00Z,2024-05-15T12:25:00Z,2024-05-15,2024-05-15T16:09:01.249489Z,9054,Research/EconomicsMarkets/markets.csv
economics_phase_i_090,phase_i,Economics,CPI-24JAN-T0.1,KXCPI,CPI-24JAN,Will CPI rise more than 0.1% in January 2024?,yes,finalized,2024-01-02T16:00:00Z,2024-02-13T13:25:00Z,2024-02-13,2024-02-13T16:40:00.4233Z,8889,Research/EconomicsMarkets/markets.csv
economics_phase_i_091,phase_i,Economics,AAAGASM-24MAY31-US-3.60,KXAAAGASM,AAAGASM-24MAY31-US,Will average **gas prices** be above $3.60?,no,finalized,2024-05-12T14:00:00Z,2024-05-31T03:59:00Z,2024-05-31,2024-05-31T16:11:01.437568Z,8848,Research/EconomicsMarkets/markets.csv
economics_phase_i_092,phase_i,Economics,PAYROLLS-24MAR-T150000,KXPAYROLLS,PAYROLLS-24MAR,Will above 150000 jobs be added in March 2024?,yes,finalized,2024-03-08T16:00:00Z,2024-04-05T12:25:00Z,2024-04-05,2024-04-05T16:42:00.714662Z,8683,Research/EconomicsMarkets/markets.csv
economics_phase_i_093,phase_i,Economics,CPIYOY-24JAN-T3.3,KXCPIYOY,CPIYOY-24JAN,Will the rate of CPI inflation be above 3.3% for the year ending in January 2024?,no,finalized,2024-01-11T15:15:00Z,2024-02-13T13:25:00Z,2024-02-13,2024-02-13T17:08:00.778252Z,8109,Research/EconomicsMarkets/markets.csv
economics_phase_i_094,phase_i,Economics,PROLLS-24JAN-T-1,KXPAYROLLS,PROLLS-24JAN,Will above -1 jobs be added in January 2024?,yes,finalized,2024-01-02T15:00:00Z,2024-02-02T13:25:00Z,2024-02-02,2024-02-02T17:45:00.8763Z,7410,Research/EconomicsMarkets/markets.csv
economics_phase_i_095,phase_i,Economics,CPIYOY-24APR-T3.3,KXCPIYOY,CPIYOY-24APR,Will the rate of CPI inflation be above 3.3% for the year ending in April 2024?,yes,finalized,2024-03-13T14:00:00Z,2024-05-15T12:25:00Z,2024-05-15,2024-05-15T16:10:01.49042Z,7308,Research/EconomicsMarkets/markets.csv
economics_phase_i_096,phase_i,Economics,CPIYOY-24JAN-T2.9,KXCPIYOY,CPIYOY-24JAN,Will the rate of CPI inflation be above 2.9% for the year ending in January 2024?,yes,finalized,2024-01-11T19:20:00Z,2024-02-13T13:25:00Z,2024-02-13,2024-02-13T17:05:00.728076Z,6335,Research/EconomicsMarkets/markets.csv
economics_phase_i_097,phase_i,Economics,PROLLS-24JAN-T149999,KXPAYROLLS,PROLLS-24JAN,Will above 149999 jobs be added in January 2024?,yes,finalized,2024-01-02T15:00:00Z,2024-02-02T13:25:00Z,2024-02-02,2024-02-02T17:45:00.866386Z,6168,Research/EconomicsMarkets/markets.csv
economics_phase_i_098,phase_i,Economics,CPI-24JAN-T0.0,KXCPI,CPI-24JAN,Will CPI rise more than 0.0% in January 2024?,yes,finalized,2024-01-02T16:00:00Z,2024-02-13T13:25:00Z,2024-02-13,2024-02-13T16:40:00.433672Z,5871,Research/EconomicsMarkets/markets.csv
economics_phase_i_099,phase_i,Economics,PROLLS-24JAN-T199999,KXPAYROLLS,PROLLS-24JAN,Will above 199999 jobs be added in January 2024?,yes,finalized,2024-01-02T15:00:00Z,2024-02-02T13:25:00Z,2024-02-02,2024-02-02T17:45:00.850966Z,5648,Research/EconomicsMarkets/markets.csv
economics_phase_i_100,phase_i,Economics,AAAGASM-24MAY31-US-3.65,KXAAAGASM,AAAGASM-24MAY31-US,Will average **gas prices** be above $3.65?,no,finalized,2024-05-01T14:00:00Z,2024-05-31T13:55:00Z,2024-05-31,2024-05-31T16:08:00.647654Z,5627,Research/EconomicsMarkets/markets.csv
economics_phase_ii_001,phase_ii,Economics,FED-24JUL-T5.25,KXFED,FED-24JUL,Will the upper bound of the federal funds rate be above 5.25% following the Fed's July meeting?,yes,finalized,2023-07-06T14:00:00Z,2024-07-31T17:55:00Z,2024-07-31,2024-08-01T08:54:00.505878Z,1160274,Research/EconomicsMarkets/markets.csv
economics_phase_ii_002,phase_ii,Economics,FEDDECISION-24JUL-C25,KXFEDDECISION,FEDDECISION-24JUL,Will the Federal Reserve Cut rates by 25bps at their July 2024 meeting?,no,finalized,2024-06-11T14:00:00Z,2024-07-31T17:55:00Z,2024-07-31,2024-07-31T20:20:01.46794Z,566064,Research/EconomicsMarkets/markets.csv
economics_phase_ii_003,phase_ii,Economics,FEDDECISION-24JUL-H0,KXFEDDECISION,FEDDECISION-24JUL,Will the Federal Reserve Hike rates by 0bps at their July 2024 meeting?,yes,finalized,2024-06-11T14:00:00Z,2024-07-31T17:55:00Z,2024-07-31,2024-07-31T20:20:01.46794Z,513208,Research/EconomicsMarkets/markets.csv
economics_phase_ii_004,phase_ii,Economics,FED-24JUL-T5.00,KXFED,FED-24JUL,Will the upper bound of the federal funds rate be above 5.00% following the Fed's July meeting?,yes,finalized,2023-07-06T14:00:00Z,2024-07-31T17:55:00Z,2024-07-31,2024-08-01T08:54:00.445871Z,80483,Research/EconomicsMarkets/markets.csv
economics_phase_ii_005,phase_ii,Economics,FED-24JUL-T5.50,KXFED,FED-24JUL,Will the upper bound of the federal funds rate be above 5.50% following the Fed's July meeting?,no,finalized,2023-07-06T14:00:00Z,2024-07-31T17:55:00Z,2024-07-31,2024-08-01T08:54:00.46129Z,63297,Research/EconomicsMarkets/markets.csv
economics_phase_ii_006,phase_ii,Economics,PAYROLLS-24JUN-T150000,KXPAYROLLS,PAYROLLS-24JUN,Will above 150000 jobs be added in June 2024?,yes,finalized,2024-05-24T14:00:00Z,2024-07-05T12:25:00Z,2024-07-05,2024-07-05T16:06:00.347479Z,34669,Research/EconomicsMarkets/markets.csv
economics_phase_ii_007,phase_ii,Economics,GDP-24JUL25-T0.9,KXGDP,GDP-24JUL25,Will **real GDP** increase by more than 0.9% in Q2?,yes,finalized,2024-04-23T14:00:00Z,2024-07-25T12:25:00Z,2024-07-25,2024-07-25T16:30:01.078377Z,30869,Research/EconomicsMarkets/markets.csv
economics_phase_ii_008,phase_ii,Economics,FEDDECISION-24JUL-H25,KXFEDDECISION,FEDDECISION-24JUL,Will the Federal Reserve Hike rates by 25bps at their July 2024 meeting?,no,finalized,2024-06-11T14:00:00Z,2024-07-31T17:55:00Z,2024-07-31,2024-07-31T20:20:01.46794Z,29746,Research/EconomicsMarkets/markets.csv
economics_phase_ii_009,phase_ii,Economics,PAYROLLS-24JUN-T200000,KXPAYROLLS,PAYROLLS-24JUN,Will above 200000 jobs be added in June 2024?,yes,finalized,2024-05-24T14:00:00Z,2024-07-05T12:25:00Z,2024-07-05,2024-07-05T16:10:01.517819Z,27533,Research/EconomicsMarkets/markets.csv
economics_phase_ii_010,phase_ii,Economics,AAAGASM-24AUG31-US-3.40,KXAAAGASM,AAAGASM-24AUG31-US,Will average **gas prices** be above $3.40?,no,finalized,2024-07-29T17:00:00Z,2024-08-31T03:59:00Z,2024-08-31,2024-09-02T13:12:00.810821Z,27407,Research/EconomicsMarkets/markets.csv
economics_phase_ii_011,phase_ii,Economics,FED-24JUL-T4.00,KXFED,FED-24JUL,Will the upper bound of the federal funds rate be above 4.00% following the Fed's July meeting?,yes,finalized,2023-07-06T14:00:00Z,2024-07-31T17:55:00Z,2024-07-31,2024-08-01T08:54:00.391322Z,23743,Research/EconomicsMarkets/markets.csv
economics_phase_ii_012,phase_ii,Economics,FED-24JUL-T4.25,KXFED,FED-24JUL,Will the upper bound of the federal funds rate be above 4.25% following the Fed's July meeting?,yes,finalized,2023-07-06T14:00:00Z,2024-07-31T17:55:00Z,2024-07-31,2024-08-01T08:54:00.421434Z,22895,Research/EconomicsMarkets/markets.csv
economics_phase_ii_013,phase_ii,Economics,CPI-24JUL-T0.1,KXCPI,CPI-24JUL,Will CPI rise more than 0.1% in July 2024?,yes,finalized,2024-06-13T14:00:00Z,2024-08-14T12:25:00Z,2024-08-14,2024-08-14T16:44:00.962421Z,22013,Research/EconomicsMarkets/markets.csv
economics_phase_ii_014,phase_ii,Economics,CPIYOY-24JUL-T2.8,KXCPIYOY,CPIYOY-24JUL,Will the rate of CPI inflation be above 2.8% for the year ending in July 2024?,yes,finalized,2024-06-13T21:00:00Z,2024-08-14T12:25:00Z,2024-08-14,2024-08-14T16:42:00.77751Z,21878,Research/EconomicsMarkets/markets.csv
economics_phase_ii_015,phase_ii,Economics,AAAGASM-24JUL31-US-3.50,KXAAAGASM,AAAGASM-24JUL31-US,Will average **gas prices** be above $3.50?,no,finalized,2024-06-30T14:00:00Z,2024-07-31T03:59:00Z,2024-07-31,2024-07-31T18:19:01.336441Z,19109,Research/EconomicsMarkets/markets.csv
economics_phase_ii_016,phase_ii,Economics,CPI-24JUN-T0.0,KXCPI,CPI-24JUN,Will CPI rise more than 0.0% in June 2024?,no,finalized,2024-05-16T14:00:00Z,2024-07-11T12:25:00Z,2024-07-11,2024-07-11T16:08:01.374641Z,18116,Research/EconomicsMarkets/markets.csv
economics_phase_ii_017,phase_ii,Economics,CPIYOY-24JUL-T2.9,KXCPIYOY,CPIYOY-24JUL,Will the rate of CPI inflation be above 2.9% for the year ending in July 2024?,no,finalized,2024-06-13T21:00:00Z,2024-08-14T12:25:00Z,2024-08-14,2024-08-14T16:42:00.987962Z,17997,Research/EconomicsMarkets/markets.csv
economics_phase_ii_018,phase_ii,Economics,AAAGASM-24AUG31-US-3.35,KXAAAGASM,AAAGASM-24AUG31-US,Will average **gas prices** be above $3.35?,no,finalized,2024-07-29T17:00:00Z,2024-08-31T03:59:00Z,2024-08-31,2024-09-02T13:12:00.8008Z,16172,Research/EconomicsMarkets/markets.csv
economics_phase_ii_019,phase_ii,Economics,AAAGASM-24AUG31-US-3.45,KXAAAGASM,AAAGASM-24AUG31-US,Will average **gas prices** be above $3.45?,no,finalized,2024-07-29T17:00:00Z,2024-08-31T03:59:00Z,2024-08-31,2024-09-02T13:12:00.820873Z,15876,Research/EconomicsMarkets/markets.csv
economics_phase_ii_020,phase_ii,Economics,FED-24JUL-T4.50,KXFED,FED-24JUL,Will the upper bound of the federal funds rate be above 4.50% following the Fed's July meeting?,yes,finalized,2023-07-06T14:00:00Z,2024-07-31T17:55:00Z,2024-07-31,2024-08-01T08:54:00.411476Z,14291,Research/EconomicsMarkets/markets.csv
economics_phase_ii_021,phase_ii,Economics,AAAGASW-24JUL08-US-3.491,KXAAAGASW,AAAGASW-24JUL08-US,Will average **gas prices** be above $3.491?,yes,finalized,2024-07-01T14:00:00Z,2024-07-08T03:59:00Z,2024-07-08,2024-07-08T16:06:00.507936Z,13364,Research/EconomicsMarkets/markets.csv
economics_phase_ii_022,phase_ii,Economics,PAYROLLS-24JUN-T100000,KXPAYROLLS,PAYROLLS-24JUN,Will above 100000 jobs be added in June 2024?,yes,finalized,2024-05-24T14:00:00Z,2024-07-05T12:25:00Z,2024-07-05,2024-07-05T16:06:00.367184Z,13040,Research/EconomicsMarkets/markets.csv
economics_phase_ii_023,phase_ii,Economics,AAAGASW-24AUG05-US-3.505,KXAAAGASW,AAAGASW-24AUG05-US,Will average **gas prices** be above $3.505?,no,finalized,2024-07-29T14:00:00Z,2024-08-05T03:59:00Z,2024-08-05,2024-08-05T16:09:00.933173Z,11806,Research/EconomicsMarkets/markets.csv
economics_phase_ii_024,phase_ii,Economics,PAYROLLS-24JUL-T150000,KXPAYROLLS,PAYROLLS-24JUL,Will above 150000 jobs be added in July 2024?,no,finalized,2024-06-21T14:00:00Z,2024-08-02T12:25:00Z,2024-08-02,2024-08-02T16:11:00.780182Z,11187,Research/EconomicsMarkets/markets.csv
economics_phase_ii_025,phase_ii,Economics,PAYROLLS-24JUN-T272000,KXPAYROLLS,PAYROLLS-24JUN,Will above 272000 jobs be added in June 2024?,no,finalized,2024-06-07T12:31:00Z,2024-07-05T12:25:00Z,2024-07-05,2024-07-05T16:07:00.687875Z,11141,Research/EconomicsMarkets/markets.csv
economics_phase_ii_026,phase_ii,Economics,GDP-24JUL25-T2.9,KXGDP,GDP-24JUL25,Will **real GDP** increase by more than 2.9% in Q2?,no,finalized,2024-04-23T14:00:00Z,2024-07-25T12:25:00Z,2024-07-25,2024-07-25T16:25:01.224283Z,10847,Research/EconomicsMarkets/markets.csv
economics_phase_ii_027,phase_ii,Economics,FED-24JUL-T4.75,KXFED,FED-24JUL,Will the upper bound of the federal funds rate be above 4.75% following the Fed's July meeting?,yes,finalized,2023-07-06T14:00:00Z,2024-07-31T17:55:00Z,2024-07-31,2024-08-01T08:54:00.435997Z,10192,Research/EconomicsMarkets/markets.csv
economics_phase_ii_028,phase_ii,Economics,GDP-24JUL25-T2.4,KXGDP,GDP-24JUL25,Will **real GDP** increase by more than 2.4% in Q2?,yes,finalized,2024-04-23T14:00:00Z,2024-07-25T12:25:00Z,2024-07-25,2024-07-25T16:25:01.233976Z,9386,Research/EconomicsMarkets/markets.csv
economics_phase_ii_029,phase_ii,Economics,CPI-24JUL-T0.2,KXCPI,CPI-24JUL,Will CPI rise more than 0.2% in July 2024?,no,finalized,2024-06-13T14:00:00Z,2024-08-14T12:25:00Z,2024-08-14,2024-08-14T16:44:00.989109Z,8971,Research/EconomicsMarkets/markets.csv
economics_phase_ii_030,phase_ii,Economics,PAYROLLS-24JUN-T250000,KXPAYROLLS,PAYROLLS-24JUN,Will above 250000 jobs be added in June 2024?,no,finalized,2024-05-24T14:00:00Z,2024-07-05T12:25:00Z,2024-07-05,2024-07-05T16:11:00.152553Z,8082,Research/EconomicsMarkets/markets.csv
economics_phase_ii_031,phase_ii,Economics,AAAGASW-24JUL22-US-3.521,KXAAAGASW,AAAGASW-24JUL22-US,Will average **gas prices** be above $3.521?,no,finalized,2024-07-15T12:00:00Z,2024-07-22T03:59:00Z,2024-07-22,2024-07-22T16:03:00.519212Z,7895,Research/EconomicsMarkets/markets.csv
economics_phase_ii_032,phase_ii,Economics,AAAGASM-24AUG31-US-3.50,KXAAAGASM,AAAGASM-24AUG31-US,Will average **gas prices** be above $3.50?,no,finalized,2024-07-29T17:00:00Z,2024-08-31T03:59:00Z,2024-08-31,2024-09-02T13:12:00.839992Z,7751,Research/EconomicsMarkets/markets.csv
economics_phase_ii_033,phase_ii,Economics,CPI-24JUN-T-0.1,KXCPI,CPI-24JUN,Will CPI rise more than -0.1% in June 2024?,no,finalized,2024-05-16T14:00:00Z,2024-07-11T12:25:00Z,2024-07-11,2024-07-11T16:08:01.039543Z,7697,Research/EconomicsMarkets/markets.csv
economics_phase_ii_034,phase_ii,Economics,CPIYOY-24JUL-T3.0,KXCPIYOY,CPIYOY-24JUL,Will the rate of CPI inflation be above 3.0% for the year ending in July 2024?,no,finalized,2024-06-13T14:00:00Z,2024-08-14T12:25:00Z,2024-08-14,2024-08-14T16:42:00.918046Z,7506,Research/EconomicsMarkets/markets.csv
economics_phase_ii_035,phase_ii,Economics,AAAGASW-24AUG19-US-3.443,KXAAAGASW,AAAGASW-24AUG19-US,Will average **gas prices** be above $3.443?,no,finalized,2024-08-12T14:00:00Z,2024-08-19T03:59:00Z,2024-08-19,2024-08-19T16:22:00.867831Z,7000,Research/EconomicsMarkets/markets.csv
economics_phase_ii_036,phase_ii,Economics,CPI-24JUL-T0.0,KXCPI,CPI-24JUL,Will CPI rise more than 0.0% in July 2024?,yes,finalized,2024-06-13T14:00:00Z,2024-08-14T12:25:00Z,2024-08-14,2024-08-14T16:44:01.082278Z,6985,Research/EconomicsMarkets/markets.csv
economics_phase_ii_037,phase_ii,Economics,PAYROLLS-24JUN-T300000,KXPAYROLLS,PAYROLLS-24JUN,Will above 300000 jobs be added in June 2024?,no,finalized,2024-05-24T14:00:00Z,2024-07-05T12:25:00Z,2024-07-05,2024-07-05T16:11:00.667959Z,6192,Research/EconomicsMarkets/markets.csv
economics_phase_ii_038,phase_ii,Economics,PAYROLLS-24JUL-T200000,KXPAYROLLS,PAYROLLS-24JUL,Will above 200000 jobs be added in July 2024?,no,finalized,2024-06-21T14:00:00Z,2024-08-02T12:25:00Z,2024-08-02,2024-08-02T16:11:00.750843Z,6187,Research/EconomicsMarkets/markets.csv
economics_phase_ii_039,phase_ii,Economics,AAAGASM-24JUL31-US-3.45,KXAAAGASM,AAAGASM-24JUL31-US,Will average **gas prices** be above $3.45?,yes,finalized,2024-06-30T14:00:00Z,2024-07-31T03:59:00Z,2024-07-31,2024-07-31T18:19:01.356656Z,6035,Research/EconomicsMarkets/markets.csv
economics_phase_ii_040,phase_ii,Economics,AAAGASW-24AUG12-US-3.472,KXAAAGASW,AAAGASW-24AUG12-US,Will average **gas prices** be above $3.472?,no,finalized,2024-08-05T14:00:00Z,2024-08-12T03:59:00Z,2024-08-12,2024-08-12T16:13:01.375223Z,5752,Research/EconomicsMarkets/markets.csv
economics_phase_ii_041,phase_ii,Economics,GDP-24JUL25-T1.6,KXGDP,GDP-24JUL25,Will **real GDP** increase by more than 1.6% in Q2?,yes,finalized,2024-04-25T12:35:00Z,2024-07-25T12:25:00Z,2024-07-25,2024-07-25T16:30:01.048631Z,5425,Research/EconomicsMarkets/markets.csv
economics_phase_ii_042,phase_ii,Economics,PAYROLLS-24JUL-T250000,KXPAYROLLS,PAYROLLS-24JUL,Will above 250000 jobs be added in July 2024?,no,finalized,2024-06-21T14:00:00Z,2024-08-02T12:25:00Z,2024-08-02,2024-08-02T16:04:00.8801Z,5167,Research/EconomicsMarkets/markets.csv
economics_phase_ii_043,phase_ii,Economics,AAAGASM-24AUG31-US-3.55,KXAAAGASM,AAAGASM-24AUG31-US,Will average **gas prices** be above $3.55?,no,finalized,2024-07-29T17:00:00Z,2024-08-31T03:59:00Z,2024-08-31,2024-09-02T13:12:00.850076Z,4808,Research/EconomicsMarkets/markets.csv
economics_phase_ii_044,phase_ii,Economics,GDP-24JUL25-T3.4,KXGDP,GDP-24JUL25,Will **real GDP** increase by more than 3.4% in Q2?,no,finalized,2024-04-23T14:00:00Z,2024-07-25T12:25:00Z,2024-07-25,2024-07-25T16:25:01.204212Z,4756,Research/EconomicsMarkets/markets.csv
economics_phase_ii_045,phase_ii,Economics,GDP-24JUL25-T1.4,KXGDP,GDP-24JUL25,Will **real GDP** increase by more than 1.4% in Q2?,yes,finalized,2024-04-23T14:00:00Z,2024-07-25T12:25:00Z,2024-07-25,2024-07-25T16:25:01.268277Z,4709,Research/EconomicsMarkets/markets.csv
economics_phase_ii_046,phase_ii,Economics,PAYROLLS-24JUL-T100000,KXPAYROLLS,PAYROLLS-24JUL,Will above 100000 jobs be added in July 2024?,yes,finalized,2024-06-21T14:00:00Z,2024-08-02T12:25:00Z,2024-08-02,2024-08-02T16:04:01.460555Z,4330,Research/EconomicsMarkets/markets.csv
economics_phase_ii_047,phase_ii,Economics,AAAGASM-24JUL31-US-3.55,KXAAAGASM,AAAGASM-24JUL31-US,Will average **gas prices** be above $3.55?,no,finalized,2024-06-30T14:00:00Z,2024-07-31T03:59:00Z,2024-07-31,2024-07-31T18:19:00.901752Z,4162,Research/EconomicsMarkets/markets.csv
economics_phase_ii_048,phase_ii,Economics,AAAGASW-24JUL15-US-3.506,KXAAAGASW,AAAGASW-24JUL15-US,Will average **gas prices** be above $3.506?,yes,finalized,2024-07-08T14:00:00Z,2024-07-15T03:59:00Z,2024-07-15,2024-07-15T16:06:00.390422Z,3890,Research/EconomicsMarkets/markets.csv
economics_phase_ii_049,phase_ii,Economics,AAAGASW-24JUL29-US-3.501,KXAAAGASW,AAAGASW-24JUL29-US,Will average **gas prices** be above $3.501?,yes,finalized,2024-07-23T14:00:00Z,2024-07-29T03:59:00Z,2024-07-29,2024-07-29T16:11:00.637193Z,3798,Research/EconomicsMarkets/markets.csv
economics_phase_ii_050,phase_ii,Economics,GDP-24JUL25-T1.9,KXGDP,GDP-24JUL25,Will **real GDP** increase by more than 1.9% in Q2?,yes,finalized,2024-04-23T14:00:00Z,2024-07-25T12:25:00Z,2024-07-25,2024-07-25T16:25:01.248294Z,3477,Research/EconomicsMarkets/markets.csv
entertainment_phase_i_001,phase_i,Entertainment,OSCARPIC-24-O,KXOSCARPIC,OSCARPIC-24,Will Oppenheimer win Best Picture at the Oscars?,yes,finalized,2023-08-15T12:00:00Z,2024-03-11T14:12:06.100183Z,2024-03-11,2024-03-11T18:00:01.638486Z,104603,Research/EntertainmentMarkets/markets.csv
entertainment_phase_i_002,phase_i,Entertainment,OSCARACTO-24-CM,KXOSCARACTO,OSCARACTO-24,Will Cillian Murphy win Best Actor at the Oscars?,yes,finalized,2023-08-16T14:00:00Z,2024-03-11T14:09:28.360323Z,2024-03-11,2024-03-11T18:00:01.078117Z,71929,Research/EntertainmentMarkets/markets.csv
entertainment_phase_i_003,phase_i,Entertainment,OSCARACTR-24-ES,KXOSCARACTR,OSCARACTR-24,Will Emma Stone win Best Actress at the Oscars?,yes,finalized,2023-10-05T22:00:00Z,2024-03-11T14:10:59.006374Z,2024-03-11,2024-03-11T16:16:00.682769Z,69231,Research/EntertainmentMarkets/markets.csv
entertainment_phase_i_004,phase_i,Entertainment,OSCARACTR-24-LG,KXOSCARACTR,OSCARACTR-24,Will Lily Gladstone win Best Actress at the Oscars?,no,finalized,2023-10-05T22:00:00Z,2024-03-11T14:11:01.598123Z,2024-03-11,2024-03-11T16:16:00.823687Z,62349,Research/EntertainmentMarkets/markets.csv
entertainment_phase_i_005,phase_i,Entertainment,OSCARACTO-24-PG,KXOSCARACTO,OSCARACTO-24,Will Paul Giamatti win Best Actor at the Oscars?,no,finalized,2023-08-16T14:00:00Z,2024-03-11T14:09:22.735571Z,2024-03-11,2024-03-11T16:17:00.8685Z,48093,Research/EntertainmentMarkets/markets.csv
entertainment_phase_i_006,phase_i,Entertainment,OSCARDIR-24-CN,KXOSCARDIR,OSCARDIR-24,Will Christopher Nolan win Best Director at the Oscars?,yes,finalized,2023-08-16T14:00:00Z,2024-03-11T14:10:08.767577Z,2024-03-11,2024-03-11T16:16:00.75821Z,38592,Research/EntertainmentMarkets/markets.csv
entertainment_phase_i_007,phase_i,Entertainment,OSCAR,KXOSCARPIC,OSCARPIC-24,Will Poor Things win Best Picture at the Oscars?,no,finalized,2023-11-04T20:00:00Z,2024-03-11T14:12:20.708686Z,2024-03-11,2024-03-11T16:15:00.838136Z,36684,Research/EntertainmentMarkets/markets.csv
entertainment_phase_i_008,phase_i,Entertainment,OSCARPIC-24-B,KXOSCARPIC,OSCARPIC-24,Will Barbie win Best Picture at the Oscars?,no,finalized,2023-08-15T12:00:00Z,2024-03-11T14:15:58.975561Z,2024-03-11,2024-03-11T18:00:01.668155Z,34961,Research/EntertainmentMarkets/markets.csv
entertainment_phase_i_009,phase_i,Entertainment,OSCARSUPACTO-24-RDJ,KXOSCARSUPACTO,OSCARSUPACTO-24,Will Robert Downey Jr. win Supporting Actor at the Oscars?,yes,finalized,2023-08-16T14:00:00Z,2024-03-11T14:06:57.47017Z,2024-03-11,2024-03-11T18:01:00.633838Z,34389,Research/EntertainmentMarkets/markets.csv
entertainment_phase_i_010,phase_i,Entertainment,OSCARPIC-24-KOTFM,KXOSCARPIC,OSCARPIC-24,Will Killers of the Flower Moon win Best Picture at the Oscars?,no,finalized,2023-08-15T12:00:00Z,2024-03-11T14:12:00.615448Z,2024-03-11,2024-03-11T16:16:00.15323Z,34293,Research/EntertainmentMarkets/markets.csv
entertainment_phase_i_011,phase_i,Entertainment,OSCARPIC-AF,KXOSCARPIC,OSCARPIC-24,Will American Fiction win Best Picture at the Oscars?,no,finalized,2023-11-04T19:30:56Z,2024-03-11T14:12:27.295619Z,2024-03-11,2024-03-11T16:39:01.86824Z,32165,Research/EntertainmentMarkets/markets.csv
entertainment_phase_i_012,phase_i,Entertainment,OSCARACTR-24-SH,KXOSCARACTR,OSCARACTR-24,Will Sandra Hüller win Best Actress at the Oscars?,no,finalized,2023-08-16T14:00:00Z,2024-03-11T14:10:47.688029Z,2024-03-11,2024-03-11T17:59:00.218621Z,28963,Research/EntertainmentMarkets/markets.csv
entertainment_phase_i_013,phase_i,Entertainment,TOPSONG-24MAY18-NLU,KXTOPSONG,TOPSONG-24MAY18,Will Not Like Us be the #1 song on the Billboard Hot 100 charts this week?,yes,finalized,2024-05-05T14:00:00Z,2024-05-13T03:59:00Z,2024-05-13,2024-05-14T16:06:00.835807Z,26119,Research/EntertainmentMarkets/markets.csv
entertainment_phase_i_014,phase_i,Entertainment,GRAMAOTY-66-M,KXGRAMAOTY,GRAMAOTY-66,Will Midnights win Album of the Year at the Grammys?,yes,finalized,2023-11-14T18:25:00Z,2024-02-05T15:01:59.570685Z,2024-02-05,2024-02-05T17:17:00.356374Z,22194,Research/EntertainmentMarkets/markets.csv
entertainment_phase_i_015,phase_i,Entertainment,OSCARPIC-24-AOAF,KXOSCARPIC,OSCARPIC-24,Will Anatomy of a Fall win Best Picture at the Oscars?,no,finalized,2023-11-04T19:30:00Z,2024-03-11T14:12:30.603636Z,2024-03-11,2024-03-11T16:39:01.833196Z,18784,Research/EntertainmentMarkets/markets.csv
entertainment_phase_i_016,phase_i,Entertainment,GRAMBNA-66-IS,KXGRAMBNA,GRAMBNA-66,Will Ice Spice win Best New Artist at the Grammys?,no,finalized,2023-11-14T17:30:00Z,2024-02-05T15:00:41.85772Z,2024-02-05,2024-02-05T17:17:00.820896Z,18723,Research/EntertainmentMarkets/markets.csv
entertainment_phase_i_017,phase_i,Entertainment,OSCARSUPACTR-24-DJR,KXOSCARSUPACTR,OSCARSUPACTR-24,Will Da''Vine Joy Randolph win Supporting Actress at the Oscars?,yes,finalized,2023-08-16T14:00:00Z,2024-03-11T14:01:43.339062Z,2024-03-11,2024-03-11T18:01:00.652791Z,18661,Research/EntertainmentMarkets/markets.csv
entertainment_phase_i_018,phase_i,Entertainment,GRAMSOTY-66-WWIMF,KXGRAMSOTY,GRAMSOTY-66,Will What Was I Made For? win Song of the Year at the Grammys?,yes,finalized,2023-11-14T18:20:00Z,2024-02-05T15:01:36.39571Z,2024-02-05,2024-02-05T17:17:00.386408Z,18414,Research/EntertainmentMarkets/markets.csv
entertainment_phase_i_019,phase_i,Entertainment,OSCARPIC-24-TZOI,KXOSCARPIC,OSCARPIC-24,Will The Zone of Interest win Best Picture at the Oscars?,no,finalized,2023-08-15T12:00:00Z,2024-03-11T14:12:17.6008Z,2024-03-11,2024-03-11T16:15:00.847893Z,17671,Research/EntertainmentMarkets/markets.csv
entertainment_phase_i_020,phase_i,Entertainment,OSCARDIR-24-GG,KXOSCARDIR,OSCARDIR-24,Will Greta Gerwig win Best Director at the Oscars?,no,finalized,2023-08-16T14:00:00Z,2024-03-11T14:10:02.258759Z,2024-03-11,2024-03-11T18:00:01.164971Z,14905,Research/EntertainmentMarkets/markets.csv
entertainment_phase_i_021,phase_i,Entertainment,OSCARPIC-24-PL,KXOSCARPIC,OSCARPIC-24,Will Past Lives win Best Picture at the Oscars?,no,finalized,2023-08-15T12:00:00Z,2024-03-11T14:12:09.324315Z,2024-03-11,2024-03-11T18:00:01.598202Z,14606,Research/EntertainmentMarkets/markets.csv
entertainment_phase_i_022,phase_i,Entertainment,OSCARPIC-24-TH,KXOSCARPIC,OSCARPIC-24,Will The Holdovers win Best Picture at the Oscars?,no,finalized,2023-08-15T12:00:00Z,2024-03-11T14:11:57.674754Z,2024-03-11,2024-03-11T16:16:00.657656Z,13961,Research/EntertainmentMarkets/markets.csv
entertainment_phase_i_023,phase_i,Entertainment,GRAMAOTY-66-TR,KXGRAMAOTY,GRAMAOTY-66,Will The Record win Album of the Year at the Grammys?,no,finalized,2023-11-14T18:25:00Z,2024-02-05T15:01:59.570685Z,2024-02-05,2024-02-05T17:17:00.356374Z,13432,Research/EntertainmentMarkets/markets.csv
entertainment_phase_i_024,phase_i,Entertainment,GRAMBNA-66-NK,KXGRAMBNA,GRAMBNA-66,Will Noah Kahan win Best New Artist at the Grammys?,no,finalized,2023-11-14T17:30:00Z,2024-02-05T15:00:41.85772Z,2024-02-05,2024-02-05T17:17:00.820896Z,11652,Research/EntertainmentMarkets/markets.csv
entertainment_phase_i_025,phase_i,Entertainment,GRAMAOTY-66-S,KXGRAMAOTY,GRAMAOTY-66,Will SOS win Album of the Year at the Grammys?,no,finalized,2023-11-14T18:25:00Z,2024-02-05T15:01:59.570685Z,2024-02-05,2024-02-05T17:17:00.356374Z,11638,Research/EntertainmentMarkets/markets.csv
entertainment_phase_i_026,phase_i,Entertainment,TOPSONG-24MAY04-PU,KXTOPSONG,TOPSONG-24MAY04,Will Push Ups be the #1 song on the Billboard Hot 100 charts this week?,no,finalized,2024-04-19T17:00:00Z,2024-04-29T03:59:00Z,2024-04-29,2024-04-30T16:10:00.99818Z,11324,Research/EntertainmentMarkets/markets.csv
entertainment_phase_i_027,phase_i,Entertainment,TOPSONG-24MAY25-NLU,KXTOPSONG,TOPSONG-24MAY25,Will Not Like Us be the #1 song on the Billboard Hot 100 charts this week?,no,finalized,2024-05-07T14:00:00Z,2024-05-20T03:59:00Z,2024-05-20,2024-05-21T16:12:00.742104Z,11146,Research/EntertainmentMarkets/markets.csv
entertainment_phase_i_028,phase_i,Entertainment,OSCARSUPACTO-24-RD,KXOSCARSUPACTO,OSCARSUPACTO-24,Will Robert DeNiro win Supporting Actor at the Oscars?,no,finalized,2023-08-16T14:00:00Z,2024-03-11T14:06:54.395808Z,2024-03-11,2024-03-11T18:01:00.597872Z,10297,Research/EntertainmentMarkets/markets.csv
entertainment_phase_i_029,phase_i,Entertainment,OSCARACTO-24-JW,KXOSCARACTO,OSCARACTO-24,Will Jeffrey Wright win Best Actor at the Oscars?,no,finalized,2023-11-06T21:00:00Z,2024-03-11T14:09:33.855053Z,2024-03-11,2024-03-11T16:16:00.807777Z,9884,Research/EntertainmentMarkets/markets.csv
entertainment_phase_i_030,phase_i,Entertainment,TOPSONG-24MAY18-EU,KXTOPSONG,TOPSONG-24MAY18,Will Euphoria be the #1 song on the Billboard Hot 100 charts this week?,no,finalized,2024-05-01T20:00:00Z,2024-05-13T03:59:00Z,2024-05-13,2024-05-14T16:03:01.371198Z,9847,Research/EntertainmentMarkets/markets.csv
entertainment_phase_i_031,phase_i,Entertainment,OSCARACTO-24-BC,KXOSCARACTO,OSCARACTO-24,Will Bradley Cooper win Best Actor at the Oscars?,no,finalized,2023-11-06T21:00:00Z,2024-03-11T14:09:30.9717Z,2024-03-11,2024-03-11T16:39:01.523037Z,9584,Research/EntertainmentMarkets/markets.csv
entertainment_phase_i_032,phase_i,Entertainment,OSCARSUPACTO-24-RG,KXOSCARSUPACTO,OSCARSUPACTO-24,Will Ryan Gosling win Supporting Actor at the Oscars?,no,finalized,2023-08-16T14:00:00Z,2024-03-11T14:07:00.285179Z,2024-03-11,2024-03-11T16:17:00.838529Z,9492,Research/EntertainmentMarkets/markets.csv
entertainment_phase_i_033,phase_i,Entertainment,OSCARACTR-24-AB,KXOSCARACTR,OSCARACTR-24,Will Annette Bening win Best Actress at the Oscars?,no,finalized,2023-11-04T21:00:00Z,2024-03-11T14:11:07.229632Z,2024-03-11,2024-03-11T16:39:01.787984Z,9038,Research/EntertainmentMarkets/markets.csv
entertainment_phase_i_034,phase_i,Entertainment,GRAMROTY-66-KB,KXGRAMROTY,GRAMROTY-66,Will Kill Bill win Record of the Year at the Grammys?,no,finalized,2023-11-14T18:14:00Z,2024-02-05T15:00:57.449634Z,2024-02-05,2024-02-05T17:17:00.255651Z,8707,Research/EntertainmentMarkets/markets.csv
entertainment_phase_i_035,phase_i,Entertainment,OSCARDIR-24-JG,KXOSCARDIR,OSCARDIR-24,Will Jonathan Glazer win Best Director at the Oscars?,no,finalized,2023-11-04T19:41:00Z,2024-03-11T14:10:18.308038Z,2024-03-11,2024-03-11T16:16:00.863181Z,8457,Research/EntertainmentMarkets/markets.csv
entertainment_phase_i_036,phase_i,Entertainment,GRAMSOTY-66-AH,KXGRAMSOTY,GRAMSOTY-66,Will Anti-Hero win Song of the Year at the Grammys?,no,finalized,2023-11-14T18:20:00Z,2024-02-05T15:01:36.39571Z,2024-02-05,2024-02-05T17:17:00.386408Z,8439,Research/EntertainmentMarkets/markets.csv
entertainment_phase_i_037,phase_i,Entertainment,TOPSONG-24MAY18-IHSH,KXTOPSONG,TOPSONG-24MAY18,Will I Had Some Help be the #1 song on the Billboard Hot 100 charts this week?,no,finalized,2024-04-30T14:00:00Z,2024-05-13T03:59:00Z,2024-05-13,2024-05-14T16:06:00.791293Z,8228,Research/EntertainmentMarkets/markets.csv
entertainment_phase_i_038,phase_i,Entertainment,TOPSONG-24APR27-LT,KXTOPSONG,TOPSONG-24APR27,Will Like That be the #1 song on the Billboard Hot 100 charts this week?,no,finalized,2024-04-09T14:00:00Z,2024-04-22T03:59:00Z,2024-04-22,2024-04-23T17:04:00.40132Z,8041,Research/EntertainmentMarkets/markets.csv
entertainment_phase_i_039,phase_i,Entertainment,TOPSONG-24JUN22-PPP,KXTOPSONG,TOPSONG-24JUN22,Will Please Please Please be the #1 song on the Billboard Hot 100 charts this week?,no,finalized,2024-06-10T14:00:00Z,2024-06-17T03:59:00Z,2024-06-17,2024-06-18T16:14:01.193064Z,7877,Research/EntertainmentMarkets/markets.csv
entertainment_phase_i_040,phase_i,Entertainment,OSCARACTR-24-MR,KXOSCARACTR,OSCARACTR-24,Will Margot Robbie win Best Actress at the Oscars?,no,finalized,2023-11-04T21:00:00Z,2024-03-11T14:11:04.504357Z,2024-03-11,2024-03-11T16:39:01.822823Z,7869,Research/EntertainmentMarkets/markets.csv
entertainment_phase_i_041,phase_i,Entertainment,OSCARACTR-24-FB,KXOSCARACTR,OSCARACTR-24,Will Fantasia Barrino win Best Actress at the Oscars?,no,finalized,2023-08-16T14:00:00Z,2024-03-11T14:10:44.220691Z,2024-03-11,2024-03-11T18:00:01.062641Z,7762,Research/EntertainmentMarkets/markets.csv
entertainment_phase_i_042,phase_i,Entertainment,OSCARDIR-24-MS,KXOSCARDIR,OSCARDIR-24,Will Martin Scorsese win Best Director at the Oscars?,no,finalized,2023-08-16T14:00:00Z,2024-03-11T14:10:11.590262Z,2024-03-11,2024-03-11T16:39:01.883105Z,7709,Research/EntertainmentMarkets/markets.csv
entertainment_phase_i_043,phase_i,Entertainment,TOPSONG-24MAY18-MDB,KXTOPSONG,TOPSONG-24MAY18,Will Million Dollar Baby be the #1 song on the Billboard Hot 100 charts this week?,no,finalized,2024-05-05T20:15:00Z,2024-05-13T03:59:00Z,2024-05-13,2024-05-14T16:06:00.845898Z,7675,Research/EntertainmentMarkets/markets.csv
entertainment_phase_i_044,phase_i,Entertainment,TOPSONG-24MAY18-F,KXTOPSONG,TOPSONG-24MAY18,Will Fortnight be the #1 song on the Billboard Hot 100 charts this week?,no,finalized,2024-04-30T14:00:00Z,2024-05-13T03:59:00Z,2024-05-13,2024-05-14T16:08:00.92631Z,7428,Research/EntertainmentMarkets/markets.csv
entertainment_phase_i_045,phase_i,Entertainment,OSCARSUPACTR-24-AF,KXOSCARSUPACTR,OSCARSUPACTR-24,Will America Ferrera win Supporting Actress at the Oscars?,no,finalized,2023-08-16T14:00:00Z,2024-03-11T14:01:34.957443Z,2024-03-11,2024-03-11T18:01:00.619765Z,7427,Research/EntertainmentMarkets/markets.csv
entertainment_phase_i_046,phase_i,Entertainment,GRAMROTY-66-F,KXGRAMROTY,GRAMROTY-66,Will Flowers win Record of the Year at the Grammys?,yes,finalized,2023-11-14T18:14:00Z,2024-02-05T15:00:57.449634Z,2024-02-05,2024-02-05T17:17:00.255651Z,7342,Research/EntertainmentMarkets/markets.csv
entertainment_phase_i_047,phase_i,Entertainment,GRAMAOTY-66-G,KXGRAMAOTY,GRAMAOTY-66,Will Guts win Album of the Year at the Grammys?,no,finalized,2023-11-14T18:25:00Z,2024-02-05T15:01:59.570685Z,2024-02-05,2024-02-05T17:17:00.356374Z,7060,Research/EntertainmentMarkets/markets.csv
entertainment_phase_i_048,phase_i,Entertainment,GRAMBNA-66-GA,KXGRAMBNA,GRAMBNA-66,Will Gracie Abrams win Best New Artist at the Grammys?,no,finalized,2023-11-14T17:30:00Z,2024-02-05T15:00:41.85772Z,2024-02-05,2024-02-05T17:17:00.820896Z,6739,Research/EntertainmentMarkets/markets.csv
entertainment_phase_i_049,phase_i,Entertainment,GRAMROTY-66-WWIMF,KXGRAMROTY,GRAMROTY-66,Will What Was I Made For? win Record of the Year at the Grammys?,no,finalized,2023-11-14T18:14:00Z,2024-02-05T15:00:57.449634Z,2024-02-05,2024-02-05T17:17:00.255651Z,6559,Research/EntertainmentMarkets/markets.csv
entertainment_phase_i_050,phase_i,Entertainment,OSCARDIR-24-YL,KXOSCARDIR,OSCARDIR-24,Will Yorgos Lanthimos win Best Director at the Oscars?,no,finalized,2023-11-04T19:35:00Z,2024-03-11T14:10:14.737792Z,2024-03-11,2024-03-11T16:16:00.748294Z,6365,Research/EntertainmentMarkets/markets.csv
entertainment_phase_i_051,phase_i,Entertainment,TOPSONG-24JUN08-H,KXTOPSONG,TOPSONG-24JUN08,Will Houdini be the #1 song on the Billboard Hot 100 charts this week?,no,finalized,2024-05-29T20:00:00Z,2024-06-03T03:59:00Z,2024-06-03,2024-06-04T16:26:01.012311Z,6263,Research/EntertainmentMarkets/markets.csv
entertainment_phase_i_052,phase_i,Entertainment,OSCARSUPACTO-24-MR,KXOSCARSUPACTO,OSCARSUPACTO-24,Will Mark Ruffalo win Supporting Actor at the Oscars?,no,finalized,2023-11-06T21:00:00Z,2024-03-11T14:07:09.503399Z,2024-03-11,2024-03-11T16:39:01.452812Z,6258,Research/EntertainmentMarkets/markets.csv
entertainment_phase_i_053,phase_i,Entertainment,TOPSONG-24MAY25-IHSH,KXTOPSONG,TOPSONG-24MAY25,Will I Had Some Help be the #1 song on the Billboard Hot 100 charts this week?,yes,finalized,2024-05-07T14:00:00Z,2024-05-20T03:59:00Z,2024-05-20,2024-05-21T16:12:00.752061Z,6229,Research/EntertainmentMarkets/markets.csv
entertainment_phase_i_054,phase_i,Entertainment,OSCARPIC-24-MD,KXOSCARPIC,OSCARPIC-24,Will May December win Best Picture at the Oscars?,no,finalized,2023-08-15T12:00:00Z,2024-03-11T14:12:03.2079Z,2024-03-11,2024-03-11T16:16:00.14369Z,5982,Research/EntertainmentMarkets/markets.csv
entertainment_phase_i_055,phase_i,Entertainment,OSCARPIC-24-M,KXOSCARPIC,OSCARPIC-24,Will Maestro win Best Picture at the Oscars?,no,finalized,2023-11-04T19:15:54Z,2024-03-11T14:12:24.226267Z,2024-03-11,2024-03-11T16:15:00.873215Z,5852,Research/EntertainmentMarkets/markets.csv
entertainment_phase_i_056,phase_i,Entertainment,TOPSONG-24MAY18-E,KXTOPSONG,TOPSONG-24MAY18,Will Espresso be the #1 song on the Billboard Hot 100 charts this week?,no,finalized,2024-04-30T14:00:00Z,2024-05-13T03:59:00Z,2024-05-13,2024-05-14T16:05:01.315416Z,5530,Research/EntertainmentMarkets/markets.csv
entertainment_phase_i_057,phase_i,Entertainment,GRAMSOTY-66-V,KXGRAMSOTY,GRAMSOTY-66,Will Vampire win Song of the Year at the Grammys?,no,finalized,2023-11-14T18:20:00Z,2024-02-05T15:01:36.39571Z,2024-02-05,2024-02-05T17:17:00.386408Z,5437,Research/EntertainmentMarkets/markets.csv
entertainment_phase_i_058,phase_i,Entertainment,TOPSONG-24JUN15-IHSH,KXTOPSONG,TOPSONG-24JUN15,Will I Had Some Help be the #1 song on the Billboard Hot 100 charts this week?,yes,finalized,2024-05-28T14:00:00Z,2024-06-10T03:59:00Z,2024-06-10,2024-06-11T16:09:00.546753Z,5310,Research/EntertainmentMarkets/markets.csv
entertainment_phase_i_059,phase_i,Entertainment,TOPSONG-24MAY25-MDB,KXTOPSONG,TOPSONG-24MAY25,Will Million Dollar Baby be the #1 song on the Billboard Hot 100 charts this week?,no,finalized,2024-05-07T14:00:00Z,2024-05-20T03:59:00Z,2024-05-20,2024-05-21T16:15:01.502571Z,5294,Research/EntertainmentMarkets/markets.csv
entertainment_phase_i_060,phase_i,Entertainment,OSCARSUPACTR-24-LG,KXOSCARSUPACTR,OSCARSUPACTR-24,Will Lily Gladstone win Supporting Actress at the Oscars?,no,finalized,2023-08-16T14:00:00Z,2024-03-11T14:01:38.265773Z,2024-03-11,2024-03-11T16:38:12.198233Z,5197,Research/EntertainmentMarkets/markets.csv
entertainment_phase_i_061,phase_i,Entertainment,OSCARPIC-24-TCP,KXOSCARPIC,OSCARPIC-24,Will The Color Purple win Best Picture at the Oscars?,no,finalized,2023-08-15T12:00:00Z,2024-03-11T14:11:53.521154Z,2024-03-11,2024-03-11T16:16:00.672855Z,5159,Research/EntertainmentMarkets/markets.csv
entertainment_phase_i_062,phase_i,Entertainment,TOPSONG-24JUN22-IHSH,KXTOPSONG,TOPSONG-24JUN22,Will I Had Some Help be the #1 song on the Billboard Hot 100 charts this week?,yes,finalized,2024-06-04T14:00:00Z,2024-06-17T03:59:00Z,2024-06-17,2024-06-18T16:16:00.60275Z,5090,Research/EntertainmentMarkets/markets.csv
entertainment_phase_i_063,phase_i,Entertainment,GRAMROTY-66-V,KXGRAMROTY,GRAMROTY-66,Will Vampire win Record of the Year at the Grammys?,no,finalized,2023-11-14T18:14:00Z,2024-02-05T15:00:57.449634Z,2024-02-05,2024-02-05T17:17:00.255651Z,5058,Research/EntertainmentMarkets/markets.csv
entertainment_phase_i_064,phase_i,Entertainment,OSCARACTO-24-AS,KXOSCARACTO,OSCARACTO-24,Will Andrew Scott win Best Actor at the Oscars?,no,finalized,2023-11-06T21:00:00Z,2024-03-11T14:09:36.994107Z,2024-03-11,2024-03-11T16:16:00.783002Z,5058,Research/EntertainmentMarkets/markets.csv
entertainment_phase_i_065,phase_i,Entertainment,GRAMBNA-66-VM,KXGRAMBNA,GRAMBNA-66,Will Victoria Monet win Best New Artist at the Grammys?,yes,finalized,2023-11-14T17:30:00Z,2024-02-05T15:00:41.85772Z,2024-02-05,2024-02-05T17:17:00.820896Z,4956,Research/EntertainmentMarkets/markets.csv
entertainment_phase_i_066,phase_i,Entertainment,OSCARSUPACTO-24-SKB,KXOSCARSUPACTO,OSCARSUPACTO-24,Will Sterling K. Brown win Supporting Actor at the Oscars?,no,finalized,2023-11-06T21:00:00Z,2024-03-11T14:07:22.456247Z,2024-03-11,2024-03-11T16:17:00.80293Z,4822,Research/EntertainmentMarkets/markets.csv
entertainment_phase_i_067,phase_i,Entertainment,OSCARSUPACTR-24-EB,KXOSCARSUPACTR,OSCARSUPACTR-24,Will Emily Blunt win Supporting Actress at the Oscars?,no,finalized,2023-08-16T14:00:00Z,2024-03-11T14:01:25.84064Z,2024-03-11,2024-03-11T16:38:12.208178Z,4804,Research/EntertainmentMarkets/markets.csv
entertainment_phase_i_068,phase_i,Entertainment,GRAMAOTY-66-DYKTTATUOB,KXGRAMAOTY,GRAMAOTY-66,Will Did You Know That There's a Tunnel Under Ocean Blvd win Album of the Year at the Grammys?,no,finalized,2023-11-14T18:25:00Z,2024-02-05T15:01:59.570685Z,2024-02-05,2024-02-05T17:17:00.356374Z,4764,Research/EntertainmentMarkets/markets.csv
entertainment_phase_i_069,phase_i,Entertainment,OSCARACTO-24-CD,KXOSCARACTO,OSCARACTO-24,Will Colman Domingo win Best Actor at the Oscars?,no,finalized,2023-08-16T14:00:00Z,2024-03-11T14:09:19.905762Z,2024-03-11,2024-03-11T16:17:00.212767Z,4679,Research/EntertainmentMarkets/markets.csv
entertainment_phase_i_070,phase_i,Entertainment,GRAMBNA-66-FA,KXGRAMBNA,GRAMBNA-66,Will Fred Again win Best New Artist at the Grammys?,no,finalized,2023-11-14T17:30:00Z,2024-02-05T15:00:41.85772Z,2024-02-05,2024-02-05T17:17:00.820896Z,4388,Research/EntertainmentMarkets/markets.csv
entertainment_phase_i_071,phase_i,Entertainment,GRAMAOTY-66-WMR,KXGRAMAOTY,GRAMAOTY-66,Will World Music Radio win Album of the Year at the Grammys?,no,finalized,2023-11-14T18:25:00Z,2024-02-05T15:01:59.570685Z,2024-02-05,2024-02-05T17:17:00.356374Z,4198,Research/EntertainmentMarkets/markets.csv
entertainment_phase_i_072,phase_i,Entertainment,GRAMROTY-66-OMM,KXGRAMROTY,GRAMROTY-66,Will On My Mama win Record of the Year at the Grammys?,no,finalized,2023-11-14T18:14:00Z,2024-02-05T15:00:57.449634Z,2024-02-05,2024-02-05T17:17:00.255651Z,4120,Research/EntertainmentMarkets/markets.csv
entertainment_phase_i_073,phase_i,Entertainment,TOPSONG-24JUN08-IHSH,KXTOPSONG,TOPSONG-24JUN08,Will I Had Some Help be the #1 song on the Billboard Hot 100 charts this week?,yes,finalized,2024-05-21T14:00:00Z,2024-06-03T03:59:00Z,2024-06-03,2024-06-04T16:26:01.307965Z,4114,Research/EntertainmentMarkets/markets.csv
entertainment_phase_i_074,phase_i,Entertainment,OSCARPIC-24-S,KXOSCARPIC,OSCARPIC-24,Will Saltburn win Best Picture at the Oscars?,no,finalized,2023-08-15T12:00:00Z,2024-03-11T14:12:11.997813Z,2024-03-11,2024-03-11T18:00:01.58285Z,4110,Research/EntertainmentMarkets/markets.csv
entertainment_phase_i_075,phase_i,Entertainment,OSCARSUPACTO-24-CM,KXOSCARSUPACTO,OSCARSUPACTO-24,Will Charles Melton win Supporting Actor at the Oscars?,no,finalized,2023-08-16T14:00:00Z,2024-03-11T14:07:06.374367Z,2024-03-11,2024-03-11T17:50:00.26276Z,3928,Research/EntertainmentMarkets/markets.csv
entertainment_phase_i_076,phase_i,Entertainment,GRAMBNA-66-CJ,KXGRAMBNA,GRAMBNA-66,Will Coco Jones win Best New Artist at the Grammys?,no,finalized,2023-11-14T17:30:00Z,2024-02-05T15:00:41.85772Z,2024-02-05,2024-02-05T17:17:00.820896Z,3814,Research/EntertainmentMarkets/markets.csv
entertainment_phase_i_077,phase_i,Entertainment,OSCARSUPACTR-24-DB,KXOSCARSUPACTR,OSCARSUPACTR-24,Will Danielle Brooks win Supporting Actress at the Oscars?,no,finalized,2023-11-06T21:00:00Z,2024-03-11T14:01:46.91275Z,2024-03-11,2024-03-11T16:38:12.183363Z,3677,Research/EntertainmentMarkets/markets.csv
entertainment_phase_i_078,phase_i,Entertainment,GRAMAOTY-66-ESV,KXGRAMAOTY,GRAMAOTY-66,Will Endless Summer Vacation win Album of the Year at the Grammys?,no,finalized,2023-11-14T18:25:00Z,2024-02-05T15:01:59.570685Z,2024-02-05,2024-02-05T17:17:00.356374Z,3664,Research/EntertainmentMarkets/markets.csv
entertainment_phase_i_079,phase_i,Entertainment,GRAMAOTY-66-TAOP,KXGRAMAOTY,GRAMAOTY-66,Will The Age of Pleasure win Album of the Year at the Grammys?,no,finalized,2023-11-14T18:25:00Z,2024-02-05T15:01:59.570685Z,2024-02-05,2024-02-05T17:17:00.356374Z,3664,Research/EntertainmentMarkets/markets.csv
entertainment_phase_i_080,phase_i,Entertainment,GRAMSOTY-66-B,KXGRAMSOTY,GRAMSOTY-66,Will Butterfly win Song of the Year at the Grammys?,no,finalized,2023-11-14T18:20:00Z,2024-02-05T15:01:36.39571Z,2024-02-05,2024-02-05T17:17:00.386408Z,3642,Research/EntertainmentMarkets/markets.csv
entertainment_phase_i_081,phase_i,Entertainment,GRAMROTY-66-AH,KXGRAMROTY,GRAMROTY-66,Will Anti-Hero win Record of the Year at the Grammys?,no,finalized,2023-11-14T18:14:00Z,2024-02-05T15:00:57.449634Z,2024-02-05,2024-02-05T17:17:00.255651Z,3539,Research/EntertainmentMarkets/markets.csv
entertainment_phase_i_082,phase_i,Entertainment,GRAMBNA-66-JR,KXGRAMBNA,GRAMBNA-66,Will Jelly Roll win Best New Artist at the Grammys?,no,finalized,2023-11-14T17:30:00Z,2024-02-05T15:00:41.85772Z,2024-02-05,2024-02-05T17:17:00.820896Z,3345,Research/EntertainmentMarkets/markets.csv
entertainment_phase_i_083,phase_i,Entertainment,OSCARACTO-24-LD,KXOSCARACTO,OSCARACTO-24,Will Leonardo DiCaprio win Best Actor at the Oscars?,no,finalized,2023-08-16T14:00:00Z,2024-03-11T14:09:16.966646Z,2024-03-11,2024-03-11T16:17:00.22851Z,3297,Research/EntertainmentMarkets/markets.csv
entertainment_phase_i_084,phase_i,Entertainment,OSCARPIC-24-SMATSV,KXOSCARPIC,OSCARPIC-24,Will Spider-Man: Across the Spider-Verse win Best Picture at the Oscars?,no,finalized,2023-08-15T12:00:00Z,2024-03-11T14:12:14.684632Z,2024-03-11,2024-03-11T18:00:01.192948Z,3246,Research/EntertainmentMarkets/markets.csv
entertainment_phase_i_085,phase_i,Entertainment,TOPSONG-24APR27-TS,KXTOPSONG,TOPSONG-24APR27,Will Too Sweet be the #1 song on the Billboard Hot 100 charts this week?,yes,finalized,2024-04-09T14:00:00Z,2024-04-22T03:59:00Z,2024-04-22,2024-04-23T17:04:00.329668Z,3239,Research/EntertainmentMarkets/markets.csv
entertainment_phase_i_086,phase_i,Entertainment,OSCARACTR-24-GL,KXOSCARACTR,OSCARACTR-24,Will Greta Lee win Best Actress at the Oscars?,no,finalized,2023-08-16T14:00:00Z,2024-03-11T14:10:50.466758Z,2024-03-11,2024-03-11T16:16:00.713494Z,3082,Research/EntertainmentMarkets/markets.csv
entertainment_phase_i_087,phase_i,Entertainment,OSCARSUPACTO-24-WD,KXOSCARSUPACTO,OSCARSUPACTO-24,Will Willem Dafoe win Supporting Actor at the Oscars?,no,finalized,2023-11-06T21:00:00Z,2024-03-11T14:07:12.335632Z,2024-03-11,2024-03-11T16:17:00.813274Z,2916,Research/EntertainmentMarkets/markets.csv
entertainment_phase_i_088,phase_i,Entertainment,GRAMSOTY-66-AW,KXGRAMSOTY,GRAMSOTY-66,Will A&W win Song of the Year at the Grammys?,no,finalized,2023-11-14T18:20:00Z,2024-02-05T15:01:36.39571Z,2024-02-05,2024-02-05T17:17:00.386408Z,2875,Research/EntertainmentMarkets/markets.csv
entertainment_phase_i_089,phase_i,Entertainment,TOPSONG-24MAR30-C,KXTOPSONG,TOPSONG-24MAR30,Will Carnival be the #1 song on the Billboard Hot 100 charts this week?,no,finalized,2024-03-12T14:00:00Z,2024-03-25T03:59:00Z,2024-03-25,2024-03-26T17:00:01.063923Z,2843,Research/EntertainmentMarkets/markets.csv
entertainment_phase_i_090,phase_i,Entertainment,TOPSONG-24JUN29-IHSH,KXTOPSONG,TOPSONG-24JUN29,Will I Had Some Help be the #1 song on the Billboard Hot 100 charts this week?,no,finalized,2024-06-11T14:00:00Z,2024-06-24T03:59:00Z,2024-06-24,2024-06-25T16:07:01.089639Z,2730,Research/EntertainmentMarkets/markets.csv
entertainment_phase_i_091,phase_i,Entertainment,TOPSONG-24MAY04-F,KXTOPSONG,TOPSONG-24MAY04,Will Fortnight be the #1 song on the Billboard Hot 100 charts this week?,yes,finalized,2024-04-17T18:00:00Z,2024-04-29T03:59:00Z,2024-04-29,2024-04-30T16:12:00.447988Z,2602,Research/EntertainmentMarkets/markets.csv
entertainment_phase_i_092,phase_i,Entertainment,GRAMSOTY-66-KB,KXGRAMSOTY,GRAMSOTY-66,Will Kill Bill win Song of the Year at the Grammys?,no,finalized,2023-11-14T18:20:00Z,2024-02-05T15:01:36.39571Z,2024-02-05,2024-02-05T17:17:00.386408Z,2325,Research/EntertainmentMarkets/markets.csv
entertainment_phase_i_093,phase_i,Entertainment,OSCARACTO-24-BK,KXOSCARACTO,OSCARACTO-24,Will Barry Keoghan win Best Actor at the Oscars?,no,finalized,2023-08-16T14:00:00Z,2024-03-11T14:09:25.691376Z,2024-03-11,2024-03-11T16:16:00.798315Z,2281,Research/EntertainmentMarkets/markets.csv
entertainment_phase_i_094,phase_i,Entertainment,TOPSONG-24APR20-LT,KXTOPSONG,TOPSONG-24APR20,Will Like That be the #1 song on the Billboard Hot 100 charts this week?,yes,finalized,2024-04-02T14:00:00Z,2024-04-15T03:59:00Z,2024-04-15,2024-04-16T16:11:00.486847Z,2261,Research/EntertainmentMarkets/markets.csv
entertainment_phase_i_095,phase_i,Entertainment,GRAMBNA-66-TWAT,KXGRAMBNA,GRAMBNA-66,Will The War and Treaty win Best New Artist at the Grammys?,no,finalized,2023-11-14T17:30:00Z,2024-02-05T15:00:41.85772Z,2024-02-05,2024-02-05T17:17:00.820896Z,2253,Research/EntertainmentMarkets/markets.csv
entertainment_phase_i_096,phase_i,Entertainment,TOPSONG-24APR13-J,KXTOPSONG,TOPSONG-24APR13,Will Jolene be the #1 song on the Billboard Hot 100 charts this week?,no,finalized,2024-03-28T21:00:00Z,2024-04-08T03:59:00Z,2024-04-08,2024-04-09T17:10:00.858166Z,2251,Research/EntertainmentMarkets/markets.csv
entertainment_phase_i_097,phase_i,Entertainment,TOPSONG-24JUN29-PPP,KXTOPSONG,TOPSONG-24JUN29,Will Please Please Please be the #1 song on the Billboard Hot 100 charts this week?,yes,finalized,2024-06-11T14:00:00Z,2024-06-24T03:59:00Z,2024-06-24,2024-06-25T16:07:01.099677Z,2176,Research/EntertainmentMarkets/markets.csv
entertainment_phase_i_098,phase_i,Entertainment,OSCARACTR-24-CM,KXOSCARACTR,OSCARACTR-24,Will Carey Mulligan win Best Actress at the Oscars?,no,finalized,2023-08-16T14:00:00Z,2024-03-11T14:10:53.191741Z,2024-03-11,2024-03-11T17:59:00.208205Z,2147,Research/EntertainmentMarkets/markets.csv
entertainment_phase_i_099,phase_i,Entertainment,TOPSONG-24MAR30-WCBF,KXTOPSONG,TOPSONG-24MAR30,Will We Can't Be Friends be the #1 song on the Billboard Hot 100 charts this week?,no,finalized,2024-03-12T14:00:00Z,2024-03-25T03:59:00Z,2024-03-25,2024-03-26T17:00:01.104402Z,2145,Research/EntertainmentMarkets/markets.csv
entertainment_phase_i_100,phase_i,Entertainment,TOPSONG-24MAR30-LC,KXTOPSONG,TOPSONG-24MAR30,Will Lose Control be the #1 song on the Billboard Hot 100 charts this week?,yes,finalized,2024-03-12T14:00:00Z,2024-03-25T03:59:00Z,2024-03-25,2024-03-26T17:00:01.093454Z,2115,Research/EntertainmentMarkets/markets.csv
entertainment_phase_ii_001,phase_ii,Entertainment,TOPSONG-24AUG10-ABS,KXTOPSONG,TOPSONG-24AUG10,Will A Bar Song (Tipsy) be the #1 song on the Billboard Hot 100 charts this week?,yes,finalized,2024-07-24T14:00:00Z,2024-08-05T03:59:00Z,2024-08-05,2024-08-06T16:11:01.051353Z,32366,Research/EntertainmentMarkets/markets.csv
entertainment_phase_ii_002,phase_ii,Entertainment,TOPSONG-24JUL06-PPP,KXTOPSONG,TOPSONG-24JUL06,Will Please Please Please be the #1 song on the Billboard Hot 100 charts this week?,no,finalized,2024-06-18T14:00:00Z,2024-07-01T03:59:00Z,2024-07-01,2024-07-02T17:07:00.664963Z,17113,Research/EntertainmentMarkets/markets.csv
entertainment_phase_ii_003,phase_ii,Entertainment,TOPSONG-24JUL06-IHSH,KXTOPSONG,TOPSONG-24JUL06,Will I Had Some Help be the #1 song on the Billboard Hot 100 charts this week?,yes,finalized,2024-06-18T14:00:00Z,2024-07-01T03:59:00Z,2024-07-01,2024-07-02T17:07:00.864923Z,16988,Research/EntertainmentMarkets/markets.csv
entertainment_phase_ii_004,phase_ii,Entertainment,TOPSONG-24JUL27-NLU,KXTOPSONG,TOPSONG-24JUL27,Will Not Like Us be the #1 song on the Billboard Hot 100 charts this week?,no,finalized,2024-07-08T14:00:00Z,2024-07-22T03:59:00Z,2024-07-22,2024-07-23T21:09:01.158287Z,11828,Research/EntertainmentMarkets/markets.csv
entertainment_phase_ii_005,phase_ii,Entertainment,TOPSONG-24JUL20-NLU,KXTOPSONG,TOPSONG-24JUL20,Will Not Like Us be the #1 song on the Billboard Hot 100 charts this week?,yes,finalized,2024-07-08T12:00:00Z,2024-07-15T03:59:00Z,2024-07-15,2024-07-16T16:16:00.358182Z,10000,Research/EntertainmentMarkets/markets.csv
entertainment_phase_ii_006,phase_ii,Entertainment,TOPSONG-24JUL13-IHSH,KXTOPSONG,TOPSONG-24JUL13,Will I Had Some Help be the #1 song on the Billboard Hot 100 charts this week?,no,finalized,2024-06-25T14:00:00Z,2024-07-08T03:59:00Z,2024-07-08,2024-07-09T16:06:00.860347Z,8388,Research/EntertainmentMarkets/markets.csv
entertainment_phase_ii_007,phase_ii,Entertainment,TOPSONG-24JUL13-ABS,KXTOPSONG,TOPSONG-24JUL13,Will A Bar Song (Tipsy) be the #1 song on the Billboard Hot 100 charts this week?,yes,finalized,2024-06-25T14:00:00Z,2024-07-08T03:59:00Z,2024-07-08,2024-07-09T16:02:00.469934Z,8080,Research/EntertainmentMarkets/markets.csv
entertainment_phase_ii_008,phase_ii,Entertainment,TOPSONG-24AUG10-IHSH,KXTOPSONG,TOPSONG-24AUG10,Will I Had Some Help be the #1 song on the Billboard Hot 100 charts this week?,no,finalized,2024-07-24T14:00:00Z,2024-08-05T03:59:00Z,2024-08-05,2024-08-06T16:14:01.2416Z,7314,Research/EntertainmentMarkets/markets.csv
entertainment_phase_ii_009,phase_ii,Entertainment,TOPSONG-24JUL27-ABS,KXTOPSONG,TOPSONG-24JUL27,Will A Bar Song (Tipsy) be the #1 song on the Billboard Hot 100 charts this week?,yes,finalized,2024-07-08T14:00:00Z,2024-07-22T03:59:00Z,2024-07-22,2024-07-23T21:09:01.228725Z,5599,Research/EntertainmentMarkets/markets.csv
entertainment_phase_ii_010,phase_ii,Entertainment,TOPSONG-24JUL20-ABS,KXTOPSONG,TOPSONG-24JUL20,Will A Bar Song (Tipsy) be the #1 song on the Billboard Hot 100 charts this week?,no,finalized,2024-07-03T19:00:00Z,2024-07-15T03:59:00Z,2024-07-15,2024-07-16T16:15:01.642895Z,5565,Research/EntertainmentMarkets/markets.csv
entertainment_phase_ii_011,phase_ii,Entertainment,TOPSONG-24JUL06-NLU,KXTOPSONG,TOPSONG-24JUL06,Will Not Like Us be the #1 song on the Billboard Hot 100 charts this week?,no,finalized,2024-06-25T15:00:00Z,2024-07-01T03:59:00Z,2024-07-01,2024-07-02T17:07:00.679609Z,3557,Research/EntertainmentMarkets/markets.csv
entertainment_phase_ii_012,phase_ii,Entertainment,TOPSONG-24AUG03-ABS,KXTOPSONG,TOPSONG-24AUG03,Will A Bar Song (Tipsy) be the #1 song on the Billboard Hot 100 charts this week?,yes,finalized,2024-07-15T15:00:00Z,2024-07-29T03:59:00Z,2024-07-29,2024-07-30T17:11:00.460023Z,3412,Research/EntertainmentMarkets/markets.csv
entertainment_phase_ii_013,phase_ii,Entertainment,TOPSONG-24AUG24-ABS,KXTOPSONG,TOPSONG-24AUG24,Will A Bar Song (Tipsy) be the #1 song on the Billboard Hot 100 charts this week?,yes,finalized,2024-08-06T14:00:00Z,2024-08-19T03:59:00Z,2024-08-19,2024-08-20T16:16:01.327306Z,3331,Research/EntertainmentMarkets/markets.csv
entertainment_phase_ii_014,phase_ii,Entertainment,TOPSONG-24AUG31-IHSH,KXTOPSONG,TOPSONG-24AUG31,Will I Had Some Help be the #1 song on the Billboard Hot 100 charts this week?,no,finalized,2024-08-12T14:00:00Z,2024-08-26T03:59:00Z,2024-08-26,2024-08-27T17:10:01.506886Z,2504,Research/EntertainmentMarkets/markets.csv
entertainment_phase_ii_015,phase_ii,Entertainment,TOPSONG-24JUL13-PPP,KXTOPSONG,TOPSONG-24JUL13,Will Please Please Please be the #1 song on the Billboard Hot 100 charts this week?,no,finalized,2024-06-25T14:00:00Z,2024-07-08T03:59:00Z,2024-07-08,2024-07-09T16:06:00.884714Z,2264,Research/EntertainmentMarkets/markets.csv
entertainment_phase_ii_016,phase_ii,Entertainment,TOPSONG-24JUL06-ABS,KXTOPSONG,TOPSONG-24JUL06,Will A Bar Song (Tipsy) be the #1 song on the Billboard Hot 100 charts this week?,no,finalized,2024-06-20T16:00:00Z,2024-07-01T03:59:00Z,2024-07-01,2024-07-02T17:07:00.694873Z,2108,Research/EntertainmentMarkets/markets.csv
entertainment_phase_ii_017,phase_ii,Entertainment,TOPSONG-24AUG10-NLU,KXTOPSONG,TOPSONG-24AUG10,Will Not Like Us be the #1 song on the Billboard Hot 100 charts this week?,no,finalized,2024-07-24T14:00:00Z,2024-08-05T03:59:00Z,2024-08-05,2024-08-06T16:14:01.201349Z,1928,Research/EntertainmentMarkets/markets.csv
entertainment_phase_ii_018,phase_ii,Entertainment,TOPSONG-24AUG17-ABS,KXTOPSONG,TOPSONG-24AUG17,Will A Bar Song (Tipsy) be the #1 song on the Billboard Hot 100 charts this week?,yes,finalized,2024-07-30T19:00:00Z,2024-08-12T03:59:00Z,2024-08-12,2024-08-13T16:08:00.306657Z,1728,Research/EntertainmentMarkets/markets.csv
entertainment_phase_ii_019,phase_ii,Entertainment,TOPSONG-24AUG03-PPP,KXTOPSONG,TOPSONG-24AUG03,Will Please Please Please be the #1 song on the Billboard Hot 100 charts this week?,no,finalized,2024-07-15T15:00:00Z,2024-07-29T03:59:00Z,2024-07-29,2024-07-30T17:11:01.210148Z,1638,Research/EntertainmentMarkets/markets.csv
entertainment_phase_ii_020,phase_ii,Entertainment,TOPSONG-24AUG03-NLU,KXTOPSONG,TOPSONG-24AUG03,Will Not Like Us be the #1 song on the Billboard Hot 100 charts this week?,no,finalized,2024-07-15T15:00:00Z,2024-07-29T03:59:00Z,2024-07-29,2024-07-30T17:11:01.235524Z,1411,Research/EntertainmentMarkets/markets.csv
entertainment_phase_ii_021,phase_ii,Entertainment,TOPSONG-24AUG17-NLU,KXTOPSONG,TOPSONG-24AUG17,Will Not Like Us be the #1 song on the Billboard Hot 100 charts this week?,no,finalized,2024-07-30T19:00:00Z,2024-08-12T03:59:00Z,2024-08-12,2024-08-13T16:08:00.807054Z,1227,Research/EntertainmentMarkets/markets.csv
entertainment_phase_ii_022,phase_ii,Entertainment,TOPSONG-24AUG31-ABS,KXTOPSONG,TOPSONG-24AUG31,Will A Bar Song (Tipsy) be the #1 song on the Billboard Hot 100 charts this week?,yes,finalized,2024-08-12T14:00:00Z,2024-08-26T03:59:00Z,2024-08-26,2024-08-27T17:10:01.487586Z,1125,Research/EntertainmentMarkets/markets.csv
entertainment_phase_ii_023,phase_ii,Entertainment,TOPSONG-24AUG03-IHSH,KXTOPSONG,TOPSONG-24AUG03,Will I Had Some Help be the #1 song on the Billboard Hot 100 charts this week?,no,finalized,2024-07-15T15:00:00Z,2024-07-29T03:59:00Z,2024-07-29,2024-07-30T17:11:01.225383Z,830,Research/EntertainmentMarkets/markets.csv
entertainment_phase_ii_024,phase_ii,Entertainment,TOPSONG-24JUL27-T,KXTOPSONG,TOPSONG-24JUL27,Will Tobey be the #1 song on the Billboard Hot 100 charts this week?,no,finalized,2024-07-08T14:00:00Z,2024-07-22T03:59:00Z,2024-07-22,2024-07-23T21:09:01.123283Z,800,Research/EntertainmentMarkets/markets.csv
entertainment_phase_ii_025,phase_ii,Entertainment,TOPSONG-24JUL06-U,KXTOPSONG,TOPSONG-24JUL06,Will us. be the #1 song on the Billboard Hot 100 charts this week?,no,finalized,2024-06-21T21:00:00Z,2024-07-01T03:59:00Z,2024-07-01,2024-07-02T17:07:00.804979Z,775,Research/EntertainmentMarkets/markets.csv
entertainment_phase_ii_026,phase_ii,Entertainment,TOPSONG-24JUL20-PPP,KXTOPSONG,TOPSONG-24JUL20,Will Please Please Please be the #1 song on the Billboard Hot 100 charts this week?,no,finalized,2024-07-03T19:00:00Z,2024-07-15T03:59:00Z,2024-07-15,2024-07-16T16:15:01.572972Z,615,Research/EntertainmentMarkets/markets.csv
entertainment_phase_ii_027,phase_ii,Entertainment,TOPSONG-24AUG17-E,KXTOPSONG,TOPSONG-24AUG17,Will Espresso be the #1 song on the Billboard Hot 100 charts this week?,no,finalized,2024-07-30T19:00:00Z,2024-08-12T03:59:00Z,2024-08-12,2024-08-13T16:08:00.831973Z,598,Research/EntertainmentMarkets/markets.csv
entertainment_phase_ii_028,phase_ii,Entertainment,TOPSONG-24AUG24-IHSH,KXTOPSONG,TOPSONG-24AUG24,Will I Had Some Help be the #1 song on the Billboard Hot 100 charts this week?,no,finalized,2024-08-06T14:00:00Z,2024-08-19T03:59:00Z,2024-08-19,2024-08-20T16:16:01.122195Z,584,Research/EntertainmentMarkets/markets.csv
entertainment_phase_ii_029,phase_ii,Entertainment,TOPSONG-24JUL27-PMAD,KXTOPSONG,TOPSONG-24JUL27,Will Pour Me a Drink be the #1 song on the Billboard Hot 100 charts this week?,no,finalized,2024-07-08T14:00:00Z,2024-07-22T03:59:00Z,2024-07-22,2024-07-23T21:16:00.483506Z,427,Research/EntertainmentMarkets/markets.csv
entertainment_phase_ii_030,phase_ii,Entertainment,TOPSONG-24AUG24-NLU,KXTOPSONG,TOPSONG-24AUG24,Will Not Like Us be the #1 song on the Billboard Hot 100 charts this week?,no,finalized,2024-08-06T14:00:00Z,2024-08-19T03:59:00Z,2024-08-19,2024-08-20T16:19:00.66747Z,408,Research/EntertainmentMarkets/markets.csv
entertainment_phase_ii_031,phase_ii,Entertainment,TOPSONG-24JUL13-PMAD,KXTOPSONG,TOPSONG-24JUL13,Will Pour Me A Drink be the #1 song on the Billboard Hot 100 charts this week?,no,finalized,2024-06-25T14:00:00Z,2024-07-08T03:59:00Z,2024-07-08,2024-07-09T16:06:00.409736Z,395,Research/EntertainmentMarkets/markets.csv
entertainment_phase_ii_032,phase_ii,Entertainment,TOPSONG-24AUG17-MDB,KXTOPSONG,TOPSONG-24AUG17,Will Million Dollar Baby be the #1 song on the Billboard Hot 100 charts this week?,no,finalized,2024-07-30T19:00:00Z,2024-08-12T03:59:00Z,2024-08-12,2024-08-13T16:08:00.346803Z,366,Research/EntertainmentMarkets/markets.csv
entertainment_phase_ii_033,phase_ii,Entertainment,TOPSONG-24AUG31-E,KXTOPSONG,TOPSONG-24AUG31,Will Espresso be the #1 song on the Billboard Hot 100 charts this week?,no,finalized,2024-08-12T14:00:00Z,2024-08-26T03:59:00Z,2024-08-26,2024-08-27T17:10:01.426839Z,308,Research/EntertainmentMarkets/markets.csv
entertainment_phase_ii_034,phase_ii,Entertainment,TOPSONG-24AUG03-ICDIWABH,KXTOPSONG,TOPSONG-24AUG03,Will I Can Do It With a Broken Heart be the #1 song on the Billboard Hot 100 charts this week?,no,finalized,2024-07-16T17:00:08Z,2024-07-29T03:59:00Z,2024-07-29,2024-07-30T17:17:00.988641Z,226,Research/EntertainmentMarkets/markets.csv
entertainment_phase_ii_035,phase_ii,Entertainment,TOPSONG-24AUG17-IHSH,KXTOPSONG,TOPSONG-24AUG17,Will I Had Some Help be the #1 song on the Billboard Hot 100 charts this week?,no,finalized,2024-07-30T19:00:00Z,2024-08-12T03:59:00Z,2024-08-12,2024-08-13T16:08:00.337115Z,196,Research/EntertainmentMarkets/markets.csv
entertainment_phase_ii_036,phase_ii,Entertainment,TOPSONG-24JUL13-E,KXTOPSONG,TOPSONG-24JUL13,Will Espresso be the #1 song on the Billboard Hot 100 charts this week?,no,finalized,2024-06-25T14:00:00Z,2024-07-08T03:59:00Z,2024-07-08,2024-07-09T16:06:00.905261Z,176,Research/EntertainmentMarkets/markets.csv
entertainment_phase_ii_037,phase_ii,Entertainment,TOPSONG-24JUL27-E,KXTOPSONG,TOPSONG-24JUL27,Will Espresso be the #1 song on the Billboard Hot 100 charts this week?,no,finalized,2024-07-08T14:00:00Z,2024-07-22T03:59:00Z,2024-07-22,2024-07-23T21:09:01.198934Z,133,Research/EntertainmentMarkets/markets.csv
entertainment_phase_ii_038,phase_ii,Entertainment,TOPSONG-24JUL06-H,KXTOPSONG,TOPSONG-24JUL06,Will Houdini be the #1 song on the Billboard Hot 100 charts this week?,no,finalized,2024-06-18T14:00:00Z,2024-07-01T03:59:00Z,2024-07-01,2024-07-02T17:07:00.879944Z,105,Research/EntertainmentMarkets/markets.csv
entertainment_phase_ii_039,phase_ii,Entertainment,TOPSONG-24JUL27-PPP,KXTOPSONG,TOPSONG-24JUL27,Will Please Please Please be the #1 song on the Billboard Hot 100 charts this week?,no,finalized,2024-07-08T14:00:00Z,2024-07-22T03:59:00Z,2024-07-22,2024-07-23T21:09:01.213449Z,105,Research/EntertainmentMarkets/markets.csv
entertainment_phase_ii_040,phase_ii,Entertainment,TOPSONG-24JUL20-T,KXTOPSONG,TOPSONG-24JUL20,Will Tobey be the #1 song on the Billboard Hot 100 charts this week?,no,finalized,2024-07-03T19:00:00Z,2024-07-15T03:59:00Z,2024-07-15,2024-07-16T16:16:00.337694Z,61,Research/EntertainmentMarkets/markets.csv
entertainment_phase_ii_041,phase_ii,Entertainment,TOPSONG-24AUG31-MDB,KXTOPSONG,TOPSONG-24AUG31,Will Million Dollar Baby be the #1 song on the Billboard Hot 100 charts this week?,no,finalized,2024-08-12T14:00:00Z,2024-08-26T03:59:00Z,2024-08-26,2024-08-27T17:10:01.457477Z,54,Research/EntertainmentMarkets/markets.csv
entertainment_phase_ii_042,phase_ii,Entertainment,TOPSONG-24JUL13-MDB,KXTOPSONG,TOPSONG-24JUL13,Will Million Dollar Baby be the #1 song on the Billboard Hot 100 charts this week?,no,finalized,2024-06-25T14:00:00Z,2024-07-08T03:59:00Z,2024-07-08,2024-07-09T16:06:00.895085Z,50,Research/EntertainmentMarkets/markets.csv
entertainment_phase_ii_043,phase_ii,Entertainment,TOPSONG-24JUL13-U,KXTOPSONG,TOPSONG-24JUL13,Will us. be the #1 song on the Billboard Hot 100 charts this week?,no,finalized,2024-06-25T14:00:00Z,2024-07-08T03:59:00Z,2024-07-08,2024-07-09T16:06:00.430072Z,50,Research/EntertainmentMarkets/markets.csv
entertainment_phase_ii_044,phase_ii,Entertainment,TOPSONG-24JUL27-IHSH,KXTOPSONG,TOPSONG-24JUL27,Will I Had Some Help be the #1 song on the Billboard Hot 100 charts this week?,no,finalized,2024-07-16T00:30:12Z,2024-07-22T03:59:00Z,2024-07-22,2024-07-23T21:09:01.093519Z,41,Research/EntertainmentMarkets/markets.csv
entertainment_phase_ii_045,phase_ii,Entertainment,TOPSONG-24AUG24-E,KXTOPSONG,TOPSONG-24AUG24,Will Espresso be the #1 song on the Billboard Hot 100 charts this week?,no,finalized,2024-08-06T14:00:00Z,2024-08-19T03:59:00Z,2024-08-19,2024-08-20T16:13:00.496692Z,16,Research/EntertainmentMarkets/markets.csv
entertainment_phase_ii_046,phase_ii,Entertainment,TOPSONG-24AUG24-MDB,KXTOPSONG,TOPSONG-24AUG24,Will Million Dollar Baby be the #1 song on the Billboard Hot 100 charts this week?,no,finalized,2024-08-06T14:00:00Z,2024-08-19T03:59:00Z,2024-08-19,2024-08-20T16:16:01.116731Z,16,Research/EntertainmentMarkets/markets.csv
entertainment_phase_ii_047,phase_ii,Entertainment,TOPSONG-24JUL20-IHSH,KXTOPSONG,TOPSONG-24JUL20,Will I Had Some Help be the #1 song on the Billboard Hot 100 charts this week?,no,finalized,2024-07-03T19:00:00Z,2024-07-15T03:59:00Z,2024-07-15,2024-07-16T16:15:01.607567Z,15,Research/EntertainmentMarkets/markets.csv
entertainment_phase_ii_048,phase_ii,Entertainment,TOPSONG-24AUG31-NLU,KXTOPSONG,TOPSONG-24AUG31,Will Not Like Us be the #1 song on the Billboard Hot 100 charts this week?,no,finalized,2024-08-12T14:00:00Z,2024-08-26T03:59:00Z,2024-08-26,2024-08-27T17:10:01.437377Z,8,Research/EntertainmentMarkets/markets.csv
entertainment_phase_ii_049,phase_ii,Entertainment,TOPSONG-24JUL20-E,KXTOPSONG,TOPSONG-24JUL20,Will Espresso be the #1 song on the Billboard Hot 100 charts this week?,no,finalized,2024-07-03T19:00:00Z,2024-07-15T03:59:00Z,2024-07-15,2024-07-16T16:16:00.348326Z,5,Research/EntertainmentMarkets/markets.csv
entertainment_phase_ii_050,phase_ii,Entertainment,TOPSONG-24JUL20-MDB,KXTOPSONG,TOPSONG-24JUL20,Will Million Dollar Baby be the #1 song on the Billboard Hot 100 charts this week?,no,finalized,2024-07-03T19:00:00Z,2024-07-15T03:59:00Z,2024-07-15,2024-07-16T16:16:00.322421Z,5,Research/EntertainmentMarkets/markets.csv
politics_phase_i_001,phase_i,Politics,GOVSHUT-24MAR23,KXGOVSHUT,GOVSHUT-24MAR23,Will the government be shut down on March 23?,no,finalized,2024-03-01T15:00:00Z,2024-03-23T14:00:00Z,2024-03-23,2024-03-23T15:04:00.534153Z,127998,Research/PoliticsMarkets/markets.csv
politics_phase_i_002,phase_i,Politics,GOVSHUT-24MAR04,KXGOVSHUT,GOVSHUT-24MAR04,Will the government be shut down on March 04?,no,finalized,2024-01-15T22:00:00Z,2024-03-04T15:00:00Z,2024-03-04,2024-03-04T17:07:00.657533Z,73922,Research/PoliticsMarkets/markets.csv
politics_phase_i_003,phase_i,Politics,GOVSHUT-24MAR11,KXGOVSHUT,GOVSHUT-24MAR11,Will the government be shut down on March 11?,no,finalized,2024-01-15T22:00:00Z,2024-03-11T14:00:00Z,2024-03-11,2024-03-11T16:19:00.53308Z,21304,Research/PoliticsMarkets/markets.csv
politics_phase_i_004,phase_i,Politics,APRPOTUS-24JUN28-T39.5,KXAPRPOTUS,APRPOTUS-24JUN28,Will Joe Biden's approval rating be below 39.5 according to RealClearPolitics?,no,finalized,2024-06-22T14:00:00Z,2024-06-28T15:00:00Z,2024-06-28,2024-06-28T16:07:01.18657Z,6115,Research/PoliticsMarkets/markets.csv
politics_phase_i_005,phase_i,Politics,APRPOTUS-24JUN28-B39.6,KXAPRPOTUS,APRPOTUS-24JUN28,Will Joe Biden's approval rating be between 39.5 and 39.7 according to RealClearPolitics?,yes,finalized,2024-06-22T14:00:00Z,2024-06-28T15:00:00Z,2024-06-28,2024-06-28T16:07:01.18657Z,2054,Research/PoliticsMarkets/markets.csv
politics_phase_i_006,phase_i,Politics,GOVSHUT-24FEB03,KXGOVSHUT,GOVSHUT-24FEB03,Will the government be shut down on February 03?,no,finalized,2023-12-01T15:00:00Z,2024-02-03T15:00:00Z,2024-02-03,2024-02-05T16:56:00.521299Z,2000,Research/PoliticsMarkets/markets.csv
politics_phase_i_007,phase_i,Politics,APRPOTUS-24MAY31-B40.5,KXAPRPOTUS,APRPOTUS-24MAY31,Will Joe Biden's approval rating be between 40.4 and 40.6 according to RealClearPolitics?,yes,finalized,2024-05-25T14:00:00Z,2024-05-31T15:00:00Z,2024-05-31,2024-05-31T16:11:01.297937Z,1715,Research/PoliticsMarkets/markets.csv
politics_phase_i_008,phase_i,Politics,APRPOTUS-24JUN21-B40.3,KXAPRPOTUS,APRPOTUS-24JUN21,Will Joe Biden's approval rating be between 40.2 and 40.4 according to RealClearPolitics?,no,finalized,2024-06-15T14:00:00Z,2024-06-21T15:00:00Z,2024-06-21,2024-06-21T16:07:01.047713Z,1622,Research/PoliticsMarkets/markets.csv
politics_phase_i_009,phase_i,Politics,APRPOTUS-24FEB02-T41.0,KXAPRPOTUS,APRPOTUS-24FEB02,Will Joe Biden's approval rating be above 41.0 according to RealClearPolitics?,no,finalized,2024-01-27T15:00:00Z,2024-02-02T16:00:00Z,2024-02-02,2024-02-02T17:45:01.510692Z,1418,Research/PoliticsMarkets/markets.csv
politics_phase_i_010,phase_i,Politics,APRPOTUS-24JUN14-B40.4,KXAPRPOTUS,APRPOTUS-24JUN14,Will Joe Biden's approval rating be between 40.3 and 40.5 according to RealClearPolitics?,no,finalized,2024-06-08T14:00:00Z,2024-06-14T15:00:00Z,2024-06-14,2024-06-14T16:17:00.620774Z,1352,Research/PoliticsMarkets/markets.csv
politics_phase_i_011,phase_i,Politics,APRPOTUS-24APR19-T39.7,KXAPRPOTUS,APRPOTUS-24APR19,Will Joe Biden's approval rating be below 39.7 according to RealClearPolitics?,no,finalized,2024-04-13T14:00:00Z,2024-04-19T15:00:00Z,2024-04-19,2024-04-19T16:27:00.547537Z,1328,Research/PoliticsMarkets/markets.csv
politics_phase_i_012,phase_i,Politics,APRPOTUS-24JUN28-B39.9,KXAPRPOTUS,APRPOTUS-24JUN28,Will Joe Biden's approval rating be between 39.8 and 40.0 according to RealClearPolitics?,no,finalized,2024-06-22T14:00:00Z,2024-06-28T15:00:00Z,2024-06-28,2024-06-28T16:07:01.18657Z,1323,Research/PoliticsMarkets/markets.csv
politics_phase_i_013,phase_i,Politics,APRPOTUS-24JUN28-B40.2,KXAPRPOTUS,APRPOTUS-24JUN28,Will Joe Biden's approval rating be between 40.1 and 40.3 according to RealClearPolitics?,no,finalized,2024-06-22T14:00:00Z,2024-06-28T15:00:00Z,2024-06-28,2024-06-28T16:07:01.18657Z,1259,Research/PoliticsMarkets/markets.csv
politics_phase_i_014,phase_i,Politics,GOVSHUT-24FEB05,KXGOVSHUT,GOVSHUT-24FEB05,Will the government be shut down on February 05?,no,finalized,2023-12-01T15:00:00Z,2024-02-05T15:00:00Z,2024-02-05,2024-02-05T16:58:00.546152Z,1237,Research/PoliticsMarkets/markets.csv
politics_phase_i_015,phase_i,Politics,APRPOTUS-24FEB02-B40.6,KXAPRPOTUS,APRPOTUS-24FEB02,Will Joe Biden's approval rating be between 40.5 and 40.7 according to RealClearPolitics?,no,finalized,2024-01-27T15:00:00Z,2024-02-02T16:00:00Z,2024-02-02,2024-02-02T17:45:01.510692Z,1207,Research/PoliticsMarkets/markets.csv
politics_phase_i_016,phase_i,Politics,APRPOTUS-24MAY31-B40.8,KXAPRPOTUS,APRPOTUS-24MAY31,Will Joe Biden's approval rating be between 40.7 and 40.9 according to RealClearPolitics?,no,finalized,2024-05-25T14:00:00Z,2024-05-31T15:00:00Z,2024-05-31,2024-05-31T16:11:01.297937Z,1200,Research/PoliticsMarkets/markets.csv
politics_phase_i_017,phase_i,Politics,APRPOTUS-24APR05-B40.4,KXAPRPOTUS,APRPOTUS-24APR05,Will Joe Biden's approval rating be between 40.3 and 40.5 according to RealClearPolitics?,no,finalized,2024-03-30T14:00:00Z,2024-04-05T15:00:00Z,2024-04-05,2024-04-05T16:41:00.969364Z,1146,Research/PoliticsMarkets/markets.csv
politics_phase_i_018,phase_i,Politics,APRPOTUS-24APR05-T41.1,KXAPRPOTUS,APRPOTUS-24APR05,Will Joe Biden's approval rating be above 41.1 according to RealClearPolitics?,yes,finalized,2024-03-30T14:00:00Z,2024-04-05T15:00:00Z,2024-04-05,2024-04-05T16:41:00.969364Z,1071,Research/PoliticsMarkets/markets.csv
politics_phase_i_019,phase_i,Politics,APRPOTUS-24APR05-B41.0,KXAPRPOTUS,APRPOTUS-24APR05,Will Joe Biden's approval rating be between 40.9 and 41.1 according to RealClearPolitics?,no,finalized,2024-03-30T14:00:00Z,2024-04-05T15:00:00Z,2024-04-05,2024-04-05T16:41:00.969364Z,1063,Research/PoliticsMarkets/markets.csv
politics_phase_i_020,phase_i,Politics,APRPOTUS-24MAY24-B40.0,KXAPRPOTUS,APRPOTUS-24MAY24,Will Joe Biden's approval rating be between 39.9 and 40.1 according to RealClearPolitics?,yes,finalized,2024-05-18T14:00:00Z,2024-05-24T15:00:00Z,2024-05-24,2024-05-24T16:08:00.812666Z,1053,Research/PoliticsMarkets/markets.csv
politics_phase_i_021,phase_i,Politics,APRPOTUS-24APR12-T40.2,KXAPRPOTUS,APRPOTUS-24APR12,Will Joe Biden's approval rating be below 40.2 according to RealClearPolitics?,no,finalized,2024-04-06T14:00:00Z,2024-04-12T15:00:00Z,2024-04-12,2024-04-12T16:20:01.375987Z,1050,Research/PoliticsMarkets/markets.csv
politics_phase_i_022,phase_i,Politics,APRPOTUS-24APR26-T41.0,KXAPRPOTUS,APRPOTUS-24APR26,Will Joe Biden's approval rating be above 41.0 according to RealClearPolitics?,no,finalized,2024-04-20T14:00:00Z,2024-04-26T15:00:00Z,2024-04-26,2024-04-26T16:07:00.7772Z,1046,Research/PoliticsMarkets/markets.csv
politics_phase_i_023,phase_i,Politics,APRPOTUS-24JUN21-B40.6,KXAPRPOTUS,APRPOTUS-24JUN21,Will Joe Biden's approval rating be between 40.5 and 40.7 according to RealClearPolitics?,yes,finalized,2024-06-15T14:00:00Z,2024-06-21T15:00:00Z,2024-06-21,2024-06-21T16:07:01.047713Z,1018,Research/PoliticsMarkets/markets.csv
politics_phase_i_024,phase_i,Politics,APRPOTUS-24FEB02-B39.7,KXAPRPOTUS,APRPOTUS-24FEB02,Will Joe Biden's approval rating be between 39.6 and 39.8 according to RealClearPolitics?,no,finalized,2024-01-27T15:00:00Z,2024-02-02T16:00:00Z,2024-02-02,2024-02-02T17:45:01.510692Z,1004,Research/PoliticsMarkets/markets.csv
politics_phase_i_025,phase_i,Politics,APRPOTUS-24APR26-B40.0,KXAPRPOTUS,APRPOTUS-24APR26,Will Joe Biden's approval rating be between 39.9 and 40.1 according to RealClearPolitics?,yes,finalized,2024-04-20T14:00:00Z,2024-04-26T15:00:00Z,2024-04-26,2024-04-26T16:07:00.7772Z,987,Research/PoliticsMarkets/markets.csv
politics_phase_i_026,phase_i,Politics,APRPOTUS-24MAY03-B40.0,KXAPRPOTUS,APRPOTUS-24MAY03,Will Joe Biden's approval rating be between 39.9 and 40.1 according to RealClearPolitics?,yes,finalized,2024-04-27T14:00:00Z,2024-05-03T15:00:00Z,2024-05-03,2024-05-03T17:02:01.394848Z,974,Research/PoliticsMarkets/markets.csv
politics_phase_i_027,phase_i,Politics,APRPOTUS-24APR19-B40.4,KXAPRPOTUS,APRPOTUS-24APR19,Will Joe Biden's approval rating be between 40.3 and 40.5 according to RealClearPolitics?,no,finalized,2024-04-13T14:00:00Z,2024-04-19T15:00:00Z,2024-04-19,2024-04-19T16:27:00.547537Z,940,Research/PoliticsMarkets/markets.csv
politics_phase_i_028,phase_i,Politics,APRPOTUS-24JUN21-B40.0,KXAPRPOTUS,APRPOTUS-24JUN21,Will Joe Biden's approval rating be between 39.9 and 40.1 according to RealClearPolitics?,no,finalized,2024-06-15T14:00:00Z,2024-06-21T15:00:00Z,2024-06-21,2024-06-21T16:07:01.047713Z,930,Research/PoliticsMarkets/markets.csv
politics_phase_i_029,phase_i,Politics,APRPOTUS-24JUN21-T40.7,KXAPRPOTUS,APRPOTUS-24JUN21,Will Joe Biden's approval rating be above 40.7 according to RealClearPolitics?,no,finalized,2024-06-15T14:00:00Z,2024-06-21T15:00:00Z,2024-06-21,2024-06-21T16:07:01.047713Z,926,Research/PoliticsMarkets/markets.csv
politics_phase_i_030,phase_i,Politics,APRPOTUS-24MAY24-B39.7,KXAPRPOTUS,APRPOTUS-24MAY24,Will Joe Biden's approval rating be between 39.6 and 39.8 according to RealClearPolitics?,no,finalized,2024-05-18T14:00:00Z,2024-05-24T15:00:00Z,2024-05-24,2024-05-24T16:08:00.812666Z,910,Research/PoliticsMarkets/markets.csv
politics_phase_i_031,phase_i,Politics,APRPOTUS-24APR19-B39.8,KXAPRPOTUS,APRPOTUS-24APR19,Will Joe Biden's approval rating be between 39.7 and 39.9 according to RealClearPolitics?,no,finalized,2024-04-13T14:00:00Z,2024-04-19T15:00:00Z,2024-04-19,2024-04-19T16:27:00.547537Z,871,Research/PoliticsMarkets/markets.csv
politics_phase_i_032,phase_i,Politics,APRPOTUS-24FEB02-B40.9,KXAPRPOTUS,APRPOTUS-24FEB02,Will Joe Biden's approval rating be between 40.8 and 41.0 according to RealClearPolitics?,yes,finalized,2024-01-27T15:00:00Z,2024-02-02T16:00:00Z,2024-02-02,2024-02-02T17:45:01.510692Z,865,Research/PoliticsMarkets/markets.csv
politics_phase_i_033,phase_i,Politics,APRPOTUS-24MAY17-B40.1,KXAPRPOTUS,APRPOTUS-24MAY17,Will Joe Biden's approval rating be between 40.0 and 40.2 according to RealClearPolitics?,no,finalized,2024-05-11T14:00:00Z,2024-05-17T15:00:00Z,2024-05-17,2024-05-17T16:15:01.270525Z,859,Research/PoliticsMarkets/markets.csv
politics_phase_i_034,phase_i,Politics,APRPOTUS-24JUN07-B39.6,KXAPRPOTUS,APRPOTUS-24JUN07,Will Joe Biden's approval rating be between 39.5 and 39.7 according to RealClearPolitics?,no,finalized,2024-06-01T14:00:00Z,2024-06-07T15:00:00Z,2024-06-07,2024-06-07T16:07:00.523212Z,843,Research/PoliticsMarkets/markets.csv
politics_phase_i_035,phase_i,Politics,APRPOTUS-24MAR22-B40.5,KXAPRPOTUS,APRPOTUS-24MAR22,Will Joe Biden's approval rating be between 40.4 and 40.6 according to RealClearPolitics?,no,finalized,2024-03-16T14:00:00Z,2024-03-22T15:00:00Z,2024-03-22,2024-03-22T16:08:00.583673Z,831,Research/PoliticsMarkets/markets.csv
politics_phase_i_036,phase_i,Politics,APRPOTUS-24MAR08-T39.8,KXAPRPOTUS,APRPOTUS-24MAR08,Will Joe Biden's approval rating be below 39.8 according to RealClearPolitics?,yes,finalized,2024-03-02T15:00:00Z,2024-03-08T16:00:00Z,2024-03-08,2024-03-08T17:30:00.923405Z,826,Research/PoliticsMarkets/markets.csv
politics_phase_i_037,phase_i,Politics,APRPOTUS-24MAY31-B40.2,KXAPRPOTUS,APRPOTUS-24MAY31,Will Joe Biden's approval rating be between 40.1 and 40.3 according to RealClearPolitics?,no,finalized,2024-05-25T14:00:00Z,2024-05-31T15:00:00Z,2024-05-31,2024-05-31T16:11:01.297937Z,812,Research/PoliticsMarkets/markets.csv
politics_phase_i_038,phase_i,Politics,APRPOTUS-24MAY24-T39.3,KXAPRPOTUS,APRPOTUS-24MAY24,Will Joe Biden's approval rating be below 39.3 according to RealClearPolitics?,no,finalized,2024-05-18T14:00:00Z,2024-05-24T15:00:00Z,2024-05-24,2024-05-24T16:08:00.812666Z,803,Research/PoliticsMarkets/markets.csv
politics_phase_i_039,phase_i,Politics,APRPOTUS-24JUN14-B39.5,KXAPRPOTUS,APRPOTUS-24JUN14,Will Joe Biden's approval rating be between 39.4 and 39.6 according to RealClearPolitics?,no,finalized,2024-06-08T14:00:00Z,2024-06-14T15:00:00Z,2024-06-14,2024-06-14T16:17:00.620774Z,803,Research/PoliticsMarkets/markets.csv
politics_phase_i_040,phase_i,Politics,APRPOTUS-24MAY03-B40.3,KXAPRPOTUS,APRPOTUS-24MAY03,Will Joe Biden's approval rating be between 40.2 and 40.4 according to RealClearPolitics?,no,finalized,2024-04-27T14:00:00Z,2024-05-03T15:00:00Z,2024-05-03,2024-05-03T17:02:01.394848Z,777,Research/PoliticsMarkets/markets.csv
politics_phase_i_041,phase_i,Politics,APRPOTUS-24APR26-B40.6,KXAPRPOTUS,APRPOTUS-24APR26,Will Joe Biden's approval rating be between 40.5 and 40.7 according to RealClearPolitics?,no,finalized,2024-04-20T14:00:00Z,2024-04-26T15:00:00Z,2024-04-26,2024-04-26T16:07:00.7772Z,775,Research/PoliticsMarkets/markets.csv
politics_phase_i_042,phase_i,Politics,APRPOTUS-24APR26-B39.7,KXAPRPOTUS,APRPOTUS-24APR26,Will Joe Biden's approval rating be between 39.6 and 39.8 according to RealClearPolitics?,no,finalized,2024-04-20T14:00:00Z,2024-04-26T15:00:00Z,2024-04-26,2024-04-26T16:07:00.7772Z,765,Research/PoliticsMarkets/markets.csv
politics_phase_i_043,phase_i,Politics,APRPOTUS-24JUN21-B39.7,KXAPRPOTUS,APRPOTUS-24JUN21,Will Joe Biden's approval rating be between 39.6 and 39.8 according to RealClearPolitics?,no,finalized,2024-06-15T14:00:00Z,2024-06-21T15:00:00Z,2024-06-21,2024-06-21T16:07:01.047713Z,764,Research/PoliticsMarkets/markets.csv
politics_phase_i_044,phase_i,Politics,APRPOTUS-24JUN07-B40.2,KXAPRPOTUS,APRPOTUS-24JUN07,Will Joe Biden's approval rating be between 40.1 and 40.3 according to RealClearPolitics?,no,finalized,2024-06-01T14:00:00Z,2024-06-07T15:00:00Z,2024-06-07,2024-06-07T16:07:00.523212Z,760,Research/PoliticsMarkets/markets.csv
politics_phase_i_045,phase_i,Politics,APRPOTUS-24MAY17-T40.2,KXAPRPOTUS,APRPOTUS-24MAY17,Will Joe Biden's approval rating be above 40.2 according to RealClearPolitics?,yes,finalized,2024-05-11T14:00:00Z,2024-05-17T15:00:00Z,2024-05-17,2024-05-17T16:15:01.270525Z,755,Research/PoliticsMarkets/markets.csv
politics_phase_i_046,phase_i,Politics,APRPOTUS-24MAR29-B39.8,KXAPRPOTUS,APRPOTUS-24MAR29,Will Joe Biden's approval rating be between 39.7 and 39.9 according to RealClearPolitics?,yes,finalized,2024-03-23T14:00:00Z,2024-03-29T15:00:00Z,2024-03-29,2024-03-29T16:10:00.387486Z,748,Research/PoliticsMarkets/markets.csv
politics_phase_i_047,phase_i,Politics,APRPOTUS-24APR26-B40.3,KXAPRPOTUS,APRPOTUS-24APR26,Will Joe Biden's approval rating be between 40.2 and 40.4 according to RealClearPolitics?,no,finalized,2024-04-20T14:00:00Z,2024-04-26T15:00:00Z,2024-04-26,2024-04-26T16:07:00.7772Z,735,Research/PoliticsMarkets/markets.csv
politics_phase_i_048,phase_i,Politics,APRPOTUS-24MAR01-T40.7,KXAPRPOTUS,APRPOTUS-24MAR01,Will Joe Biden's approval rating be above 40.7 according to RealClearPolitics?,yes,finalized,2024-02-24T15:00:00Z,2024-03-01T16:00:00Z,2024-03-01,2024-03-01T17:14:00.748757Z,707,Research/PoliticsMarkets/markets.csv
politics_phase_i_049,phase_i,Politics,APRPOTUS-24MAR29-B40.1,KXAPRPOTUS,APRPOTUS-24MAR29,Will Joe Biden's approval rating be between 40.0 and 40.2 according to RealClearPolitics?,no,finalized,2024-03-23T14:00:00Z,2024-03-29T15:00:00Z,2024-03-29,2024-03-29T16:10:00.387486Z,696,Research/PoliticsMarkets/markets.csv
politics_phase_i_050,phase_i,Politics,APRPOTUS-24APR26-B40.9,KXAPRPOTUS,APRPOTUS-24APR26,Will Joe Biden's approval rating be between 40.8 and 41.0 according to RealClearPolitics?,no,finalized,2024-04-20T14:00:00Z,2024-04-26T15:00:00Z,2024-04-26,2024-04-26T16:07:00.7772Z,686,Research/PoliticsMarkets/markets.csv
politics_phase_i_051,phase_i,Politics,APRPOTUS-24MAY10-B39.8,KXAPRPOTUS,APRPOTUS-24MAY10,Will Joe Biden's approval rating be between 39.7 and 39.9 according to RealClearPolitics?,no,finalized,2024-05-04T14:00:00Z,2024-05-10T15:00:00Z,2024-05-10,2024-05-10T16:15:01.026865Z,669,Research/PoliticsMarkets/markets.csv
politics_phase_i_052,phase_i,Politics,APRPOTUS-24MAR15-B40.3,KXAPRPOTUS,APRPOTUS-24MAR15,Will Joe Biden's approval rating be between 40.2 and 40.4 according to RealClearPolitics?,no,finalized,2024-03-09T15:00:00Z,2024-03-15T15:00:00Z,2024-03-15,2024-03-15T16:14:00.322739Z,668,Research/PoliticsMarkets/markets.csv
politics_phase_i_053,phase_i,Politics,APRPOTUS-24MAY24-B39.4,KXAPRPOTUS,APRPOTUS-24MAY24,Will Joe Biden's approval rating be between 39.3 and 39.5 according to RealClearPolitics?,no,finalized,2024-05-18T14:00:00Z,2024-05-24T15:00:00Z,2024-05-24,2024-05-24T16:08:00.812666Z,663,Research/PoliticsMarkets/markets.csv
politics_phase_i_054,phase_i,Politics,APRPOTUS-24MAY24-T41.3,KXAPRPOTUS,APRPOTUS-24MAY24,Will Joe Biden's approval rating be above 41.3 according to RealClearPolitics?,no,finalized,2024-05-18T14:00:00Z,2024-05-24T15:00:00Z,2024-05-24,2024-05-24T16:08:00.812666Z,662,Research/PoliticsMarkets/markets.csv
politics_phase_i_055,phase_i,Politics,APRPOTUS-24MAY17-B38.9,KXAPRPOTUS,APRPOTUS-24MAY17,Will Joe Biden's approval rating be between 38.8 and 39.0 according to RealClearPolitics?,no,finalized,2024-05-11T14:00:00Z,2024-05-17T15:00:00Z,2024-05-17,2024-05-17T16:15:01.270525Z,654,Research/PoliticsMarkets/markets.csv
politics_phase_i_056,phase_i,Politics,APRPOTUS-24MAY17-B39.8,KXAPRPOTUS,APRPOTUS-24MAY17,Will Joe Biden's approval rating be between 39.7 and 39.9 according to RealClearPolitics?,no,finalized,2024-05-11T14:00:00Z,2024-05-17T15:00:00Z,2024-05-17,2024-05-17T16:15:01.270525Z,642,Research/PoliticsMarkets/markets.csv
politics_phase_i_057,phase_i,Politics,APRPOTUS-24JUN07-B39.9,KXAPRPOTUS,APRPOTUS-24JUN07,Will Joe Biden's approval rating be between 39.8 and 40.0 according to RealClearPolitics?,yes,finalized,2024-06-01T14:00:00Z,2024-06-07T15:00:00Z,2024-06-07,2024-06-07T16:07:00.523212Z,636,Research/PoliticsMarkets/markets.csv
politics_phase_i_058,phase_i,Politics,APRPOTUS-24MAR15-T40.4,KXAPRPOTUS,APRPOTUS-24MAR15,Will Joe Biden's approval rating be above 40.4 according to RealClearPolitics?,no,finalized,2024-03-09T15:00:00Z,2024-03-15T15:00:00Z,2024-03-15,2024-03-15T16:14:00.322739Z,633,Research/PoliticsMarkets/markets.csv
politics_phase_i_059,phase_i,Politics,APRPOTUS-24MAY10-B39.2,KXAPRPOTUS,APRPOTUS-24MAY10,Will Joe Biden's approval rating be between 39.1 and 39.3 according to RealClearPolitics?,yes,finalized,2024-05-04T14:00:00Z,2024-05-10T15:00:00Z,2024-05-10,2024-05-10T16:15:01.026865Z,630,Research/PoliticsMarkets/markets.csv
politics_phase_i_060,phase_i,Politics,APRPOTUS-24MAR22-B40.8,KXAPRPOTUS,APRPOTUS-24MAR22,Will Joe Biden's approval rating be between 40.7 and 40.9 according to RealClearPolitics?,no,finalized,2024-03-16T14:00:00Z,2024-03-22T15:00:00Z,2024-03-22,2024-03-22T16:08:00.583673Z,618,Research/PoliticsMarkets/markets.csv
politics_phase_i_061,phase_i,Politics,APRPOTUS-24APR12-B40.9,KXAPRPOTUS,APRPOTUS-24APR12,Will Joe Biden's approval rating be between 40.8 and 41.0 according to RealClearPolitics?,yes,finalized,2024-04-06T14:00:00Z,2024-04-12T15:00:00Z,2024-04-12,2024-04-12T16:20:01.375987Z,618,Research/PoliticsMarkets/markets.csv
politics_phase_i_062,phase_i,Politics,APRPOTUS-24MAR29-B40.4,KXAPRPOTUS,APRPOTUS-24MAR29,Will Joe Biden's approval rating be between 40.3 and 40.5 according to RealClearPolitics?,no,finalized,2024-03-23T14:00:00Z,2024-03-29T15:00:00Z,2024-03-29,2024-03-29T16:10:00.387486Z,598,Research/PoliticsMarkets/markets.csv
politics_phase_i_063,phase_i,Politics,APRPOTUS-24FEB02-B40.0,KXAPRPOTUS,APRPOTUS-24FEB02,Will Joe Biden's approval rating be between 39.9 and 40.1 according to RealClearPolitics?,no,finalized,2024-01-27T15:00:00Z,2024-02-02T16:00:00Z,2024-02-02,2024-02-02T17:45:01.510692Z,579,Research/PoliticsMarkets/markets.csv
politics_phase_i_064,phase_i,Politics,APRPOTUS-24FEB02-B40.3,KXAPRPOTUS,APRPOTUS-24FEB02,Will Joe Biden's approval rating be between 40.2 and 40.4 according to RealClearPolitics?,no,finalized,2024-01-27T15:00:00Z,2024-02-02T16:00:00Z,2024-02-02,2024-02-02T17:45:01.510692Z,567,Research/PoliticsMarkets/markets.csv
politics_phase_i_065,phase_i,Politics,APRPOTUS-24MAR22-B40.2,KXAPRPOTUS,APRPOTUS-24MAR22,Will Joe Biden's approval rating be between 40.1 and 40.3 according to RealClearPolitics?,yes,finalized,2024-03-16T14:00:00Z,2024-03-22T15:00:00Z,2024-03-22,2024-03-22T16:08:00.583673Z,552,Research/PoliticsMarkets/markets.csv
politics_phase_i_066,phase_i,Politics,APRPOTUS-24APR19-B40.1,KXAPRPOTUS,APRPOTUS-24APR19,Will Joe Biden's approval rating be between 40.0 and 40.2 according to RealClearPolitics?,yes,finalized,2024-04-13T14:00:00Z,2024-04-19T15:00:00Z,2024-04-19,2024-04-19T16:27:00.547537Z,547,Research/PoliticsMarkets/markets.csv
politics_phase_i_067,phase_i,Politics,APRPOTUS-24APR05-B40.7,KXAPRPOTUS,APRPOTUS-24APR05,Will Joe Biden's approval rating be between 40.6 and 40.8 according to RealClearPolitics?,no,finalized,2024-03-30T14:00:00Z,2024-04-05T15:00:00Z,2024-04-05,2024-04-05T16:41:00.969364Z,546,Research/PoliticsMarkets/markets.csv
politics_phase_i_068,phase_i,Politics,APRPOTUS-24MAY10-B39.5,KXAPRPOTUS,APRPOTUS-24MAY10,Will Joe Biden's approval rating be between 39.4 and 39.6 according to RealClearPolitics?,no,finalized,2024-05-04T14:00:00Z,2024-05-10T15:00:00Z,2024-05-10,2024-05-10T16:15:01.026865Z,544,Research/PoliticsMarkets/markets.csv
politics_phase_i_069,phase_i,Politics,APRPOTUS-24MAY10-B40.1,KXAPRPOTUS,APRPOTUS-24MAY10,Will Joe Biden's approval rating be between 40.0 and 40.2 according to RealClearPolitics?,no,finalized,2024-05-04T14:00:00Z,2024-05-10T15:00:00Z,2024-05-10,2024-05-10T16:15:01.026865Z,543,Research/PoliticsMarkets/markets.csv
politics_phase_i_070,phase_i,Politics,APRPOTUS-24MAR08-B41.1,KXAPRPOTUS,APRPOTUS-24MAR08,Will Joe Biden's approval rating be between 41.0 and 41.2 according to RealClearPolitics?,no,finalized,2024-03-02T15:00:00Z,2024-03-08T16:00:00Z,2024-03-08,2024-03-08T17:30:00.923405Z,519,Research/PoliticsMarkets/markets.csv
politics_phase_i_071,phase_i,Politics,APRPOTUS-24MAR29-T39.1,KXAPRPOTUS,APRPOTUS-24MAR29,Will Joe Biden's approval rating be below 39.1 according to RealClearPolitics?,no,finalized,2024-03-23T14:00:00Z,2024-03-29T15:00:00Z,2024-03-29,2024-03-29T16:10:00.387486Z,507,Research/PoliticsMarkets/markets.csv
politics_phase_i_072,phase_i,Politics,APRPOTUS-24MAY24-B40.3,KXAPRPOTUS,APRPOTUS-24MAY24,Will Joe Biden's approval rating be between 40.2 and 40.4 according to RealClearPolitics?,no,finalized,2024-05-18T14:00:00Z,2024-05-24T15:00:00Z,2024-05-24,2024-05-24T16:08:00.812666Z,501,Research/PoliticsMarkets/markets.csv
politics_phase_i_073,phase_i,Politics,APRPOTUS-24JUN28-B40.5,KXAPRPOTUS,APRPOTUS-24JUN28,Will Joe Biden's approval rating be between 40.4 and 40.6 according to RealClearPolitics?,no,finalized,2024-06-22T14:00:00Z,2024-06-28T15:00:00Z,2024-06-28,2024-06-28T16:07:01.18657Z,499,Research/PoliticsMarkets/markets.csv
politics_phase_i_074,phase_i,Politics,APRPOTUS-24MAR22-B39.9,KXAPRPOTUS,APRPOTUS-24MAR22,Will Joe Biden's approval rating be between 39.8 and 40.0 according to RealClearPolitics?,no,finalized,2024-03-16T14:00:00Z,2024-03-22T15:00:00Z,2024-03-22,2024-03-22T16:08:00.583673Z,498,Research/PoliticsMarkets/markets.csv
politics_phase_i_075,phase_i,Politics,APRPOTUS-24JUN07-T39.5,KXAPRPOTUS,APRPOTUS-24JUN07,Will Joe Biden's approval rating be below 39.5 according to RealClearPolitics?,no,finalized,2024-06-01T14:00:00Z,2024-06-07T15:00:00Z,2024-06-07,2024-06-07T16:07:00.523212Z,498,Research/PoliticsMarkets/markets.csv
politics_phase_i_076,phase_i,Politics,APRPOTUS-24MAR15-B40.0,KXAPRPOTUS,APRPOTUS-24MAR15,Will Joe Biden's approval rating be between 39.9 and 40.1 according to RealClearPolitics?,no,finalized,2024-03-09T15:00:00Z,2024-03-15T15:00:00Z,2024-03-15,2024-03-15T16:14:00.322739Z,497,Research/PoliticsMarkets/markets.csv
politics_phase_i_077,phase_i,Politics,APRPOTUS-24MAR01-B40.3,KXAPRPOTUS,APRPOTUS-24MAR01,Will Joe Biden's approval rating be between 40.2 and 40.4 according to RealClearPolitics?,no,finalized,2024-02-24T15:00:00Z,2024-03-01T16:00:00Z,2024-03-01,2024-03-01T17:14:00.748757Z,496,Research/PoliticsMarkets/markets.csv
politics_phase_i_078,phase_i,Politics,APRPOTUS-24JUN14-B39.2,KXAPRPOTUS,APRPOTUS-24JUN14,Will Joe Biden's approval rating be between 39.1 and 39.3 according to RealClearPolitics?,no,finalized,2024-06-08T14:00:00Z,2024-06-14T15:00:00Z,2024-06-14,2024-06-14T16:17:00.620774Z,490,Research/PoliticsMarkets/markets.csv
politics_phase_i_079,phase_i,Politics,APRPOTUS-24JUN21-B38.8,KXAPRPOTUS,APRPOTUS-24JUN21,Will Joe Biden's approval rating be between 38.7 and 38.9 according to RealClearPolitics?,no,finalized,2024-06-15T14:00:00Z,2024-06-21T15:00:00Z,2024-06-21,2024-06-21T16:07:01.047713Z,489,Research/PoliticsMarkets/markets.csv
politics_phase_i_080,phase_i,Politics,APRPOTUS-24FEB16-B40.1,KXAPRPOTUS,APRPOTUS-24FEB16,Will Joe Biden's approval rating be between 40.0 and 40.2 according to RealClearPolitics?,yes,finalized,2024-02-10T15:00:00Z,2024-02-16T16:00:00Z,2024-02-16,2024-02-16T17:22:00.42636Z,479,Research/PoliticsMarkets/markets.csv
politics_phase_i_081,phase_i,Politics,APRPOTUS-24APR19-T41.7,KXAPRPOTUS,APRPOTUS-24APR19,Will Joe Biden's approval rating be above 41.7 according to RealClearPolitics?,no,finalized,2024-04-13T14:00:00Z,2024-04-19T15:00:00Z,2024-04-19,2024-04-19T16:27:00.547537Z,477,Research/PoliticsMarkets/markets.csv
politics_phase_i_082,phase_i,Politics,APRPOTUS-24MAR08-B39.9,KXAPRPOTUS,APRPOTUS-24MAR08,Will Joe Biden's approval rating be between 39.8 and 40.0 according to RealClearPolitics?,no,finalized,2024-03-02T15:00:00Z,2024-03-08T16:00:00Z,2024-03-08,2024-03-08T17:30:00.923405Z,471,Research/PoliticsMarkets/markets.csv
politics_phase_i_083,phase_i,Politics,APRPOTUS-24JUN07-B40.5,KXAPRPOTUS,APRPOTUS-24JUN07,Will Joe Biden's approval rating be between 40.4 and 40.6 according to RealClearPolitics?,no,finalized,2024-06-01T14:00:00Z,2024-06-07T15:00:00Z,2024-06-07,2024-06-07T16:07:00.523212Z,470,Research/PoliticsMarkets/markets.csv
politics_phase_i_084,phase_i,Politics,APRPOTUS-24MAR29-T41.1,KXAPRPOTUS,APRPOTUS-24MAR29,Will Joe Biden's approval rating be above 41.1 according to RealClearPolitics?,no,finalized,2024-03-23T14:00:00Z,2024-03-29T15:00:00Z,2024-03-29,2024-03-29T16:10:00.387486Z,466,Research/PoliticsMarkets/markets.csv
politics_phase_i_085,phase_i,Politics,APRPOTUS-24MAY03-B40.6,KXAPRPOTUS,APRPOTUS-24MAY03,Will Joe Biden's approval rating be between 40.5 and 40.7 according to RealClearPolitics?,no,finalized,2024-04-27T14:00:00Z,2024-05-03T15:00:00Z,2024-05-03,2024-05-03T17:02:01.394848Z,465,Research/PoliticsMarkets/markets.csv
politics_phase_i_086,phase_i,Politics,APRPOTUS-24MAY10-T39.1,KXAPRPOTUS,APRPOTUS-24MAY10,Will Joe Biden's approval rating be below 39.1 according to RealClearPolitics?,no,finalized,2024-05-04T14:00:00Z,2024-05-10T15:00:00Z,2024-05-10,2024-05-10T16:15:01.026865Z,463,Research/PoliticsMarkets/markets.csv
politics_phase_i_087,phase_i,Politics,APRPOTUS-24MAY10-B40.7,KXAPRPOTUS,APRPOTUS-24MAY10,Will Joe Biden's approval rating be between 40.6 and 40.8 according to RealClearPolitics?,no,finalized,2024-05-04T14:00:00Z,2024-05-10T15:00:00Z,2024-05-10,2024-05-10T16:15:01.026865Z,459,Research/PoliticsMarkets/markets.csv
politics_phase_i_088,phase_i,Politics,APRPOTUS-24MAR29-B39.5,KXAPRPOTUS,APRPOTUS-24MAR29,Will Joe Biden's approval rating be between 39.4 and 39.6 according to RealClearPolitics?,no,finalized,2024-03-23T14:00:00Z,2024-03-29T15:00:00Z,2024-03-29,2024-03-29T16:10:00.387486Z,445,Research/PoliticsMarkets/markets.csv
politics_phase_i_089,phase_i,Politics,APRPOTUS-24MAY31-T38.9,KXAPRPOTUS,APRPOTUS-24MAY31,Will Joe Biden's approval rating be below 38.9 according to RealClearPolitics?,no,finalized,2024-05-25T14:00:00Z,2024-05-31T15:00:00Z,2024-05-31,2024-05-31T16:11:01.297937Z,427,Research/PoliticsMarkets/markets.csv
politics_phase_i_090,phase_i,Politics,APRPOTUS-24MAR29-B40.7,KXAPRPOTUS,APRPOTUS-24MAR29,Will Joe Biden's approval rating be between 40.6 and 40.8 according to RealClearPolitics?,no,finalized,2024-03-23T14:00:00Z,2024-03-29T15:00:00Z,2024-03-29,2024-03-29T16:10:00.387486Z,417,Research/PoliticsMarkets/markets.csv
politics_phase_i_091,phase_i,Politics,APRPOTUS-24FEB09-T40.0,KXAPRPOTUS,APRPOTUS-24FEB09,Will Joe Biden's approval rating be below 40.0 according to RealClearPolitics?,no,finalized,2024-02-03T15:00:00Z,2024-02-09T16:00:00Z,2024-02-09,2024-02-09T17:23:00.903253Z,414,Research/PoliticsMarkets/markets.csv
politics_phase_i_092,phase_i,Politics,APRPOTUS-24MAY03-B40.9,KXAPRPOTUS,APRPOTUS-24MAY03,Will Joe Biden's approval rating be between 40.8 and 41.0 according to RealClearPolitics?,no,finalized,2024-04-27T14:00:00Z,2024-05-03T15:00:00Z,2024-05-03,2024-05-03T17:02:01.394848Z,414,Research/PoliticsMarkets/markets.csv
politics_phase_i_093,phase_i,Politics,APRPOTUS-24MAR29-B41.0,KXAPRPOTUS,APRPOTUS-24MAR29,Will Joe Biden's approval rating be between 40.9 and 41.1 according to RealClearPolitics?,no,finalized,2024-03-23T14:00:00Z,2024-03-29T15:00:00Z,2024-03-29,2024-03-29T16:10:00.387486Z,390,Research/PoliticsMarkets/markets.csv
politics_phase_i_094,phase_i,Politics,APRPOTUS-24APR19-B41.0,KXAPRPOTUS,APRPOTUS-24APR19,Will Joe Biden's approval rating be between 40.9 and 41.1 according to RealClearPolitics?,no,finalized,2024-04-13T14:00:00Z,2024-04-19T15:00:00Z,2024-04-19,2024-04-19T16:27:00.547537Z,390,Research/PoliticsMarkets/markets.csv
politics_phase_i_095,phase_i,Politics,APRPOTUS-24APR12-B40.3,KXAPRPOTUS,APRPOTUS-24APR12,Will Joe Biden's approval rating be between 40.2 and 40.4 according to RealClearPolitics?,no,finalized,2024-04-06T14:00:00Z,2024-04-12T15:00:00Z,2024-04-12,2024-04-12T16:20:01.375987Z,385,Research/PoliticsMarkets/markets.csv
politics_phase_i_096,phase_i,Politics,APRPOTUS-24APR05-B39.8,KXAPRPOTUS,APRPOTUS-24APR05,Will Joe Biden's approval rating be between 39.7 and 39.9 according to RealClearPolitics?,no,finalized,2024-03-30T14:00:00Z,2024-04-05T15:00:00Z,2024-04-05,2024-04-05T16:41:00.969364Z,383,Research/PoliticsMarkets/markets.csv
politics_phase_i_097,phase_i,Politics,APRPOTUS-24MAY03-T41.0,KXAPRPOTUS,APRPOTUS-24MAY03,Will Joe Biden's approval rating be above 41.0 according to RealClearPolitics?,no,finalized,2024-04-27T14:00:00Z,2024-05-03T15:00:00Z,2024-05-03,2024-05-03T17:02:01.394848Z,375,Research/PoliticsMarkets/markets.csv
politics_phase_i_098,phase_i,Politics,APRPOTUS-24APR12-B40.6,KXAPRPOTUS,APRPOTUS-24APR12,Will Joe Biden's approval rating be between 40.5 and 40.7 according to RealClearPolitics?,no,finalized,2024-04-06T14:00:00Z,2024-04-12T15:00:00Z,2024-04-12,2024-04-12T16:20:01.375987Z,374,Research/PoliticsMarkets/markets.csv
politics_phase_i_099,phase_i,Politics,APRPOTUS-24MAY24-B41.2,KXAPRPOTUS,APRPOTUS-24MAY24,Will Joe Biden's approval rating be between 41.1 and 41.3 according to RealClearPolitics?,no,finalized,2024-05-18T14:00:00Z,2024-05-24T15:00:00Z,2024-05-24,2024-05-24T16:08:00.812666Z,369,Research/PoliticsMarkets/markets.csv
politics_phase_i_100,phase_i,Politics,APRPOTUS-24MAY10-B40.4,KXAPRPOTUS,APRPOTUS-24MAY10,Will Joe Biden's approval rating be between 40.3 and 40.5 according to RealClearPolitics?,no,finalized,2024-05-04T14:00:00Z,2024-05-10T15:00:00Z,2024-05-10,2024-05-10T16:15:01.026865Z,368,Research/PoliticsMarkets/markets.csv
politics_phase_ii_001,phase_ii,Politics,GOVSHUTLENGTH-24JUN30-T0,KXGOVSHUTLENGTH,GOVSHUTLENGTH-24JUN30,"Will the government be shut down more than 0 days between Dec 1, 2023 and Jun 30, 2024?",no,finalized,2023-12-01T15:00:00Z,2024-07-01T14:00:00Z,2024-07-01,2024-07-01T15:13:00.281491Z,29578,Research/PoliticsMarkets/markets.csv
politics_phase_ii_002,phase_ii,Politics,GOVSHUTLENGTH-24JUN30-T3,KXGOVSHUTLENGTH,GOVSHUTLENGTH-24JUN30,"Will the government be shut down more than 3 days between Dec 1, 2023 and Jun 30, 2024?",no,finalized,2023-12-01T15:00:00Z,2024-07-01T14:00:00Z,2024-07-01,2024-07-01T15:13:00.301065Z,16871,Research/PoliticsMarkets/markets.csv
politics_phase_ii_003,phase_ii,Politics,GOVSHUTLENGTH-24JUN30-T5,KXGOVSHUTLENGTH,GOVSHUTLENGTH-24JUN30,"Will the government be shut down more than 5 days between Dec 1, 2023 and Jun 30, 2024?",no,finalized,2023-12-01T15:00:00Z,2024-07-01T14:00:00Z,2024-07-01,2024-07-01T15:13:00.320684Z,11015,Research/PoliticsMarkets/markets.csv
politics_phase_ii_004,phase_ii,Politics,GOVSHUTLENGTH-24JUN30-T10,KXGOVSHUTLENGTH,GOVSHUTLENGTH-24JUN30,"Will the government be shut down more than 10 days between Dec 1, 2023 and Jun 30, 2024?",no,finalized,2023-12-01T15:00:00Z,2024-07-01T14:00:00Z,2024-07-01,2024-07-01T15:14:00.671349Z,10800,Research/PoliticsMarkets/markets.csv
politics_phase_ii_005,phase_ii,Politics,GOVSHUTLENGTH-24JUN30-T7,KXGOVSHUTLENGTH,GOVSHUTLENGTH-24JUN30,"Will the government be shut down more than 7 days between Dec 1, 2023 and Jun 30, 2024?",no,finalized,2023-12-01T15:00:00Z,2024-07-01T14:00:00Z,2024-07-01,2024-07-01T15:13:00.341379Z,10392,Research/PoliticsMarkets/markets.csv
politics_phase_ii_006,phase_ii,Politics,GOVSHUTLENGTH-24JUN30-T14,KXGOVSHUTLENGTH,GOVSHUTLENGTH-24JUN30,"Will the government be shut down more than 14 days between Dec 1, 2023 and Jun 30, 2024?",no,finalized,2023-12-01T15:00:00Z,2024-07-01T14:00:00Z,2024-07-01,2024-07-01T15:13:00.351255Z,6707,Research/PoliticsMarkets/markets.csv
politics_phase_ii_007,phase_ii,Politics,APRPOTUS-24JUL05-T38.7,KXAPRPOTUS,APRPOTUS-24JUL05,Will Joe Biden's approval rating be below 38.7 according to RealClearPolitics?,yes,finalized,2024-06-29T14:00:00Z,2024-07-05T15:00:00Z,2024-07-05,2024-07-05T16:10:01.372333Z,4260,Research/PoliticsMarkets/markets.csv
politics_phase_ii_008,phase_ii,Politics,APRPOTUS-24AUG02-B41.3,KXAPRPOTUS,APRPOTUS-24AUG02,Will the President's approval rating be between 41.2 and 41.4 according to RealClearPolitics?,no,finalized,2024-07-27T14:00:00Z,2024-08-02T15:00:00Z,2024-08-02,2024-08-02T16:03:00.690748Z,3819,Research/PoliticsMarkets/markets.csv
politics_phase_ii_009,phase_ii,Politics,APRPOTUS-24JUL19-T40.8,KXAPRPOTUS,APRPOTUS-24JUL19,Will Joe Biden's approval rating be above 40.8 according to RealClearPolitics?,no,finalized,2024-07-13T14:00:00Z,2024-07-19T15:00:00Z,2024-07-19,2024-07-19T16:11:00.835493Z,3130,Research/PoliticsMarkets/markets.csv
politics_phase_ii_010,phase_ii,Politics,APRPOTUS-24JUL26-T41.0,KXAPRPOTUS,APRPOTUS-24JUL26,Will Joe Biden's approval rating be above 41.0 according to RealClearPolitics?,no,finalized,2024-07-20T14:00:00Z,2024-07-26T15:00:00Z,2024-07-26,2024-07-26T17:11:01.059697Z,2969,Research/PoliticsMarkets/markets.csv
politics_phase_ii_011,phase_ii,Politics,APRPOTUS-24JUL19-B40.7,KXAPRPOTUS,APRPOTUS-24JUL19,Will Joe Biden's approval rating be between 40.6 and 40.8 according to RealClearPolitics?,no,finalized,2024-07-13T14:00:00Z,2024-07-19T15:00:00Z,2024-07-19,2024-07-19T16:11:00.835493Z,2193,Research/PoliticsMarkets/markets.csv
politics_phase_ii_012,phase_ii,Politics,APRPOTUS-24AUG02-B41.6,KXAPRPOTUS,APRPOTUS-24AUG02,Will the President's approval rating be between 41.5 and 41.7 according to RealClearPolitics?,no,finalized,2024-07-27T14:00:00Z,2024-08-02T15:00:00Z,2024-08-02,2024-08-02T16:03:00.690748Z,2071,Research/PoliticsMarkets/markets.csv
politics_phase_ii_013,phase_ii,Politics,APRPOTUS-24JUL05-B38.8,KXAPRPOTUS,APRPOTUS-24JUL05,Will Joe Biden's approval rating be between 38.7 and 38.9 according to RealClearPolitics?,no,finalized,2024-06-29T14:00:00Z,2024-07-05T15:00:00Z,2024-07-05,2024-07-05T16:10:01.372333Z,1795,Research/PoliticsMarkets/markets.csv
politics_phase_ii_014,phase_ii,Politics,APRPOTUS-24AUG02-B41.0,KXAPRPOTUS,APRPOTUS-24AUG02,Will the President's approval rating be between 40.9 and 41.1 according to RealClearPolitics?,yes,finalized,2024-07-27T14:00:00Z,2024-08-02T15:00:00Z,2024-08-02,2024-08-02T16:03:00.690748Z,1541,Research/PoliticsMarkets/markets.csv
politics_phase_ii_015,phase_ii,Politics,APRPOTUS-24AUG09-B41.7,KXAPRPOTUS,APRPOTUS-24AUG09,Will the President's approval rating be between 41.6 and 41.8 according to RealClearPolitics?,no,finalized,2024-08-03T14:00:00Z,2024-08-09T15:00:00Z,2024-08-09,2024-08-09T16:24:01.207005Z,1496,Research/PoliticsMarkets/markets.csv
politics_phase_ii_016,phase_ii,Politics,APRPOTUS-24AUG02-B40.7,KXAPRPOTUS,APRPOTUS-24AUG02,Will the President's approval rating be between 40.6 and 40.8 according to RealClearPolitics?,no,finalized,2024-07-27T14:00:00Z,2024-08-02T15:00:00Z,2024-08-02,2024-08-02T16:03:00.690748Z,1273,Research/PoliticsMarkets/markets.csv
politics_phase_ii_017,phase_ii,Politics,APRPOTUS-24AUG09-T41.8,KXAPRPOTUS,APRPOTUS-24AUG09,Will the President's approval rating be above 41.8 according to RealClearPolitics?,no,finalized,2024-08-03T14:00:00Z,2024-08-09T15:00:00Z,2024-08-09,2024-08-09T16:24:01.207005Z,1258,Research/PoliticsMarkets/markets.csv
politics_phase_ii_018,phase_ii,Politics,APRPOTUS-24JUL05-B39.1,KXAPRPOTUS,APRPOTUS-24JUL05,Will Joe Biden's approval rating be between 39.0 and 39.2 according to RealClearPolitics?,no,finalized,2024-06-29T14:00:00Z,2024-07-05T15:00:00Z,2024-07-05,2024-07-05T16:10:01.372333Z,1161,Research/PoliticsMarkets/markets.csv
politics_phase_ii_019,phase_ii,Politics,APRPOTUS-24AUG02-B40.4,KXAPRPOTUS,APRPOTUS-24AUG02,Will the President's approval rating be between 40.3 and 40.5 according to RealClearPolitics?,no,finalized,2024-07-27T14:00:00Z,2024-08-02T15:00:00Z,2024-08-02,2024-08-02T16:03:00.690748Z,1098,Research/PoliticsMarkets/markets.csv
politics_phase_ii_020,phase_ii,Politics,538APPROVE-24AUG28-B39.9,KX538APPROVE,538APPROVE-24AUG28,Will the President's approval rating on 538 be between 39.7 and 40.1?,yes,finalized,2024-08-22T14:00:00Z,2024-08-29T03:59:00Z,2024-08-29,2024-08-29T16:48:00.86339Z,1095,Research/PoliticsMarkets/markets.csv
politics_phase_ii_021,phase_ii,Politics,538APPROVE-24AUG28-B40.4,KX538APPROVE,538APPROVE-24AUG28,Will the President's approval rating on 538 be between 40.2 and 40.6?,no,finalized,2024-08-22T14:00:00Z,2024-08-29T03:59:00Z,2024-08-29,2024-08-29T16:48:00.86339Z,1093,Research/PoliticsMarkets/markets.csv
politics_phase_ii_022,phase_ii,Politics,APRPOTUS-24JUL19-B40.4,KXAPRPOTUS,APRPOTUS-24JUL19,Will Joe Biden's approval rating be between 40.3 and 40.5 according to RealClearPolitics?,no,finalized,2024-07-13T14:00:00Z,2024-07-19T15:00:00Z,2024-07-19,2024-07-19T16:11:00.835493Z,1015,Research/PoliticsMarkets/markets.csv
politics_phase_ii_023,phase_ii,Politics,APRPOTUS-24JUL19-B39.5,KXAPRPOTUS,APRPOTUS-24JUL19,Will Joe Biden's approval rating be between 39.4 and 39.6 according to RealClearPolitics?,no,finalized,2024-07-13T14:00:00Z,2024-07-19T15:00:00Z,2024-07-19,2024-07-19T16:11:00.835493Z,979,Research/PoliticsMarkets/markets.csv
politics_phase_ii_024,phase_ii,Politics,538APPROVE-24AUG28-B39.4,KX538APPROVE,538APPROVE-24AUG28,Will the President's approval rating on 538 be between 39.2 and 39.6?,no,finalized,2024-08-22T14:00:00Z,2024-08-29T03:59:00Z,2024-08-29,2024-08-29T16:48:00.86339Z,970,Research/PoliticsMarkets/markets.csv
politics_phase_ii_025,phase_ii,Politics,APRPOTUS-24JUL12-B38.9,KXAPRPOTUS,APRPOTUS-24JUL12,Will Joe Biden's approval rating be between 38.8 and 39.0 according to RealClearPolitics?,no,finalized,2024-07-06T14:00:00Z,2024-07-12T15:00:00Z,2024-07-12,2024-07-12T16:08:00.659009Z,943,Research/PoliticsMarkets/markets.csv
politics_phase_ii_026,phase_ii,Politics,APRPOTUS-24AUG16-B41.2,KXAPRPOTUS,APRPOTUS-24AUG16,Will the President's approval rating be between 41.1 and 41.3 according to RealClearPolitics?,no,finalized,2024-08-10T14:00:00Z,2024-08-16T15:00:00Z,2024-08-16,2024-08-16T16:05:00.728237Z,914,Research/PoliticsMarkets/markets.csv
politics_phase_ii_027,phase_ii,Politics,APRPOTUS-24JUL12-B39.2,KXAPRPOTUS,APRPOTUS-24JUL12,Will Joe Biden's approval rating be between 39.1 and 39.3 according to RealClearPolitics?,no,finalized,2024-07-06T14:00:00Z,2024-07-12T15:00:00Z,2024-07-12,2024-07-12T16:08:00.659009Z,869,Research/PoliticsMarkets/markets.csv
politics_phase_ii_028,phase_ii,Politics,APRPOTUS-24AUG09-B40.8,KXAPRPOTUS,APRPOTUS-24AUG09,Will the President's approval rating be between 40.7 and 40.9 according to RealClearPolitics?,no,finalized,2024-08-03T14:00:00Z,2024-08-09T15:00:00Z,2024-08-09,2024-08-09T16:24:01.207005Z,822,Research/PoliticsMarkets/markets.csv
politics_phase_ii_029,phase_ii,Politics,APRPOTUS-24AUG23-B41.2,KXAPRPOTUS,APRPOTUS-24AUG23,Will the President's approval rating be between 41.1 and 41.3 according to RealClearPolitics?,no,finalized,2024-08-17T14:00:00Z,2024-08-23T15:00:00Z,2024-08-23,2024-08-23T16:12:00.91674Z,818,Research/PoliticsMarkets/markets.csv
politics_phase_ii_030,phase_ii,Politics,APRPOTUS-24JUL26-B40.0,KXAPRPOTUS,APRPOTUS-24JUL26,Will Joe Biden's approval rating be between 39.9 and 40.1 according to RealClearPolitics?,no,finalized,2024-07-20T14:00:00Z,2024-07-26T15:00:00Z,2024-07-26,2024-07-26T17:11:01.059697Z,805,Research/PoliticsMarkets/markets.csv
politics_phase_ii_031,phase_ii,Politics,538APPROVE-24AUG28-T40.6,KX538APPROVE,538APPROVE-24AUG28,Will the President's approval rating on 538 be above 40.6?,no,finalized,2024-08-22T14:00:00Z,2024-08-29T03:59:00Z,2024-08-29,2024-08-29T16:48:00.86339Z,800,Research/PoliticsMarkets/markets.csv
politics_phase_ii_032,phase_ii,Politics,APRPOTUS-24AUG09-B41.4,KXAPRPOTUS,APRPOTUS-24AUG09,Will the President's approval rating be between 41.3 and 41.5 according to RealClearPolitics?,no,finalized,2024-08-03T14:00:00Z,2024-08-09T15:00:00Z,2024-08-09,2024-08-09T16:24:01.207005Z,794,Research/PoliticsMarkets/markets.csv
politics_phase_ii_033,phase_ii,Politics,APRPOTUS-24JUL05-B39.4,KXAPRPOTUS,APRPOTUS-24JUL05,Will Joe Biden's approval rating be between 39.3 and 39.5 according to RealClearPolitics?,no,finalized,2024-06-29T14:00:00Z,2024-07-05T15:00:00Z,2024-07-05,2024-07-05T16:10:01.372333Z,791,Research/PoliticsMarkets/markets.csv
politics_phase_ii_034,phase_ii,Politics,APRPOTUS-24JUL12-B38.6,KXAPRPOTUS,APRPOTUS-24JUL12,Will Joe Biden's approval rating be between 38.5 and 38.7 according to RealClearPolitics?,no,finalized,2024-07-06T14:00:00Z,2024-07-12T15:00:00Z,2024-07-12,2024-07-12T16:08:00.659009Z,782,Research/PoliticsMarkets/markets.csv
politics_phase_ii_035,phase_ii,Politics,APRPOTUS-24AUG16-B41.5,KXAPRPOTUS,APRPOTUS-24AUG16,Will the President's approval rating be between 41.4 and 41.6 according to RealClearPolitics?,no,finalized,2024-08-10T14:00:00Z,2024-08-16T15:00:00Z,2024-08-16,2024-08-16T16:05:00.728237Z,762,Research/PoliticsMarkets/markets.csv
politics_phase_ii_036,phase_ii,Politics,APRPOTUS-24JUL26-B40.9,KXAPRPOTUS,APRPOTUS-24JUL26,Will Joe Biden's approval rating be between 40.8 and 41.0 according to RealClearPolitics?,yes,finalized,2024-07-20T14:00:00Z,2024-07-26T15:00:00Z,2024-07-26,2024-07-26T17:11:01.059697Z,760,Research/PoliticsMarkets/markets.csv
politics_phase_ii_037,phase_ii,Politics,APRPOTUS-24JUL12-B39.5,KXAPRPOTUS,APRPOTUS-24JUL12,Will Joe Biden's approval rating be between 39.4 and 39.6 according to RealClearPolitics?,no,finalized,2024-07-06T14:00:00Z,2024-07-12T15:00:00Z,2024-07-12,2024-07-12T16:08:00.659009Z,749,Research/PoliticsMarkets/markets.csv
politics_phase_ii_038,phase_ii,Politics,APRPOTUS-24JUL26-B40.6,KXAPRPOTUS,APRPOTUS-24JUL26,Will Joe Biden's approval rating be between 40.5 and 40.7 according to RealClearPolitics?,no,finalized,2024-07-20T14:00:00Z,2024-07-26T15:00:00Z,2024-07-26,2024-07-26T17:11:01.059697Z,712,Research/PoliticsMarkets/markets.csv
politics_phase_ii_039,phase_ii,Politics,APRPOTUS-24AUG16-B40.9,KXAPRPOTUS,APRPOTUS-24AUG16,Will the President's approval rating be between 40.8 and 41.0 according to RealClearPolitics?,yes,finalized,2024-08-10T14:00:00Z,2024-08-16T15:00:00Z,2024-08-16,2024-08-16T16:05:00.728237Z,701,Research/PoliticsMarkets/markets.csv
politics_phase_ii_040,phase_ii,Politics,APRPOTUS-24JUL26-B40.3,KXAPRPOTUS,APRPOTUS-24JUL26,Will Joe Biden's approval rating be between 40.2 and 40.4 according to RealClearPolitics?,no,finalized,2024-07-20T14:00:00Z,2024-07-26T15:00:00Z,2024-07-26,2024-07-26T17:11:01.059697Z,688,Research/PoliticsMarkets/markets.csv
politics_phase_ii_041,phase_ii,Politics,APRPOTUS-24JUL19-B40.1,KXAPRPOTUS,APRPOTUS-24JUL19,Will Joe Biden's approval rating be between 40.0 and 40.2 according to RealClearPolitics?,yes,finalized,2024-07-13T14:00:00Z,2024-07-19T15:00:00Z,2024-07-19,2024-07-19T16:11:00.835493Z,636,Research/PoliticsMarkets/markets.csv
politics_phase_ii_042,phase_ii,Politics,APRPOTUS-24AUG09-B41.1,KXAPRPOTUS,APRPOTUS-24AUG09,Will the President's approval rating be between 41.0 and 41.2 according to RealClearPolitics?,yes,finalized,2024-08-03T14:00:00Z,2024-08-09T15:00:00Z,2024-08-09,2024-08-09T16:24:01.207005Z,635,Research/PoliticsMarkets/markets.csv
politics_phase_ii_043,phase_ii,Politics,APRPOTUS-24JUL19-B39.8,KXAPRPOTUS,APRPOTUS-24JUL19,Will Joe Biden's approval rating be between 39.7 and 39.9 according to RealClearPolitics?,no,finalized,2024-07-13T14:00:00Z,2024-07-19T15:00:00Z,2024-07-19,2024-07-19T16:11:00.835493Z,631,Research/PoliticsMarkets/markets.csv
politics_phase_ii_044,phase_ii,Politics,APRPOTUS-24AUG16-B41.8,KXAPRPOTUS,APRPOTUS-24AUG16,Will the President's approval rating be between 41.7 and 41.9 according to RealClearPolitics?,no,finalized,2024-08-10T14:00:00Z,2024-08-16T15:00:00Z,2024-08-16,2024-08-16T16:05:00.728237Z,598,Research/PoliticsMarkets/markets.csv
politics_phase_ii_045,phase_ii,Politics,APRPOTUS-24AUG09-B40.5,KXAPRPOTUS,APRPOTUS-24AUG09,Will the President's approval rating be between 40.4 and 40.6 according to RealClearPolitics?,no,finalized,2024-08-03T14:00:00Z,2024-08-09T15:00:00Z,2024-08-09,2024-08-09T16:24:01.207005Z,589,Research/PoliticsMarkets/markets.csv
politics_phase_ii_046,phase_ii,Politics,APRPOTUS-24JUL12-T39.6,KXAPRPOTUS,APRPOTUS-24JUL12,Will Joe Biden's approval rating be above 39.6 according to RealClearPolitics?,yes,finalized,2024-07-06T14:00:00Z,2024-07-12T15:00:00Z,2024-07-12,2024-07-12T16:08:00.659009Z,531,Research/PoliticsMarkets/markets.csv
politics_phase_ii_047,phase_ii,Politics,APRPOTUS-24AUG02-T42.3,KXAPRPOTUS,APRPOTUS-24AUG02,Will the President's approval rating be above 42.3 according to RealClearPolitics?,no,finalized,2024-07-27T14:00:00Z,2024-08-02T15:00:00Z,2024-08-02,2024-08-02T16:03:00.690748Z,523,Research/PoliticsMarkets/markets.csv
politics_phase_ii_048,phase_ii,Politics,APRPOTUS-24AUG23-B40.6,KXAPRPOTUS,APRPOTUS-24AUG23,Will the President's approval rating be between 40.5 and 40.7 according to RealClearPolitics?,no,finalized,2024-08-17T14:00:00Z,2024-08-23T15:00:00Z,2024-08-23,2024-08-23T16:12:00.91674Z,513,Research/PoliticsMarkets/markets.csv
politics_phase_ii_049,phase_ii,Politics,APRPOTUS-24JUL12-T37.6,KXAPRPOTUS,APRPOTUS-24JUL12,Will Joe Biden's approval rating be below 37.6 according to RealClearPolitics?,no,finalized,2024-07-06T14:00:00Z,2024-07-12T15:00:00Z,2024-07-12,2024-07-12T16:08:00.659009Z,485,Research/PoliticsMarkets/markets.csv
politics_phase_ii_050,phase_ii,Politics,APRPOTUS-24AUG02-B41.9,KXAPRPOTUS,APRPOTUS-24AUG02,Will the President's approval rating be between 41.8 and 42.0 according to RealClearPolitics?,no,finalized,2024-07-27T14:00:00Z,2024-08-02T15:00:00Z,2024-08-02,2024-08-02T16:03:00.690748Z,468,Research/PoliticsMarkets/markets.csv
